[
  {
    "value": "Alwar",
    "synonyms": [
      "Alwar"
    ]
  },
  {
    "value": "Pushkar",
    "synonyms": [
      "Pushkar"
    ]
  },
  {
    "value": "Udaipur",
    "synonyms": [
      "Udaipur"
    ]
  },
  {
    "value": "Kota",
    "synonyms": [
      "Kota"
    ]
  },
  {
    "value": "Jaipur",
    "synonyms": [
      "Jaipur"
    ]
  },
  {
    "value": "jodhpur",
    "synonyms": [
      "jodhpur"
    ]
  },
  {
    "value": "Bikaner",
    "synonyms": [
      "Bikaner"
    ]
  },
  {
    "value": "Bharatpur",
    "synonyms": [
      "Bharatpur"
    ]
  }
]