[
  {
    "value": "Palace",
    "synonyms": [
      "Palace",
      "Fort",
      "Lakes",
      "Museums",
      "religious places",
      "Forests",
      "wildlife sanctuaries",
      "palace",
      "fort",
      "lake",
      "museum",
      "forest"
    ]
  },
  {
    "value": "hotels",
    "synonyms": [
      "hotels"
    ]
  },
  {
    "value": "religious palaces",
    "synonyms": [
      "religious palaces"
    ]
  },
  {
    "value": "Palace",
    "synonyms": [
      "Palace",
      "Fort",
      "Lakes",
      "Museums",
      "religious places",
      "Forests",
      "wildlife sanctuaries",
      "palace",
      "fort",
      "lake",
      "museum",
      "forest"
    ]
  },
  {
    "value": "hotels",
    "synonyms": [
      "hotels"
    ]
  },
  {
    "value": "religious palaces",
    "synonyms": [
      "religious palaces"
    ]
  }
]