[
  {
    "value": "Alésia",
    "synonyms": [
      "Alésia"
    ]
  },
  {
    "value": "Censier – Daubenton",
    "synonyms": [
      "Censier – Daubenton"
    ]
  },
  {
    "value": "Maison Blanche",
    "synonyms": [
      "Maison Blanche"
    ]
  },
  {
    "value": "Félix Faure",
    "synonyms": [
      "Félix Faure"
    ]
  },
  {
    "value": "La Chapelle",
    "synonyms": [
      "La Chapelle"
    ]
  },
  {
    "value": "Palais Royal – Musée du Louvre",
    "synonyms": [
      "Palais Royal – Musée du Louvre"
    ]
  },
  {
    "value": "Mouton-Duvernet",
    "synonyms": [
      "Mouton-Duvernet"
    ]
  },
  {
    "value": "Belleville",
    "synonyms": [
      "Belleville"
    ]
  },
  {
    "value": "Boulogne – Pont de Saint-Cloud",
    "synonyms": [
      "Boulogne – Pont de Saint-Cloud"
    ]
  },
  {
    "value": "Faidherbe – Chaligny",
    "synonyms": [
      "Faidherbe – Chaligny"
    ]
  },
  {
    "value": "Bastille",
    "synonyms": [
      "Bastille"
    ]
  },
  {
    "value": "Chemin Vert",
    "synonyms": [
      "Chemin Vert"
    ]
  },
  {
    "value": "Bonne Nouvelle",
    "synonyms": [
      "Bonne Nouvelle"
    ]
  },
  {
    "value": "Château Rouge",
    "synonyms": [
      "Château Rouge"
    ]
  },
  {
    "value": "Bourse",
    "synonyms": [
      "Bourse"
    ]
  },
  {
    "value": "Charonne",
    "synonyms": [
      "Charonne"
    ]
  },
  {
    "value": "Esplanade de La Défense",
    "synonyms": [
      "Esplanade de La Défense"
    ]
  },
  {
    "value": "Dugommier",
    "synonyms": [
      "Dugommier"
    ]
  },
  {
    "value": "Passy",
    "synonyms": [
      "Passy"
    ]
  },
  {
    "value": "Miromesnil",
    "synonyms": [
      "Miromesnil"
    ]
  },
  {
    "value": "Jussieu",
    "synonyms": [
      "Jussieu"
    ]
  },
  {
    "value": "Abbesses",
    "synonyms": [
      "Abbesses"
    ]
  },
  {
    "value": "Charles de Gaulle – Étoile",
    "synonyms": [
      "Charles de Gaulle – Étoile"
    ]
  },
  {
    "value": "Bagneux",
    "synonyms": [
      "Bagneux"
    ]
  },
  {
    "value": "Cluny – La Sorbonne",
    "synonyms": [
      "Cluny – La Sorbonne"
    ]
  },
  {
    "value": "Bobigny – Pablo Picasso",
    "synonyms": [
      "Bobigny – Pablo Picasso"
    ]
  },
  {
    "value": "Bérault",
    "synonyms": [
      "Bérault"
    ]
  },
  {
    "value": "Commerce",
    "synonyms": [
      "Commerce"
    ]
  },
  {
    "value": "Michel-Ange – Molitor",
    "synonyms": [
      "Michel-Ange – Molitor"
    ]
  },
  {
    "value": "Pernety",
    "synonyms": [
      "Pernety"
    ]
  },
  {
    "value": "Gabriel Péri",
    "synonyms": [
      "Gabriel Péri"
    ]
  },
  {
    "value": "Couronnes",
    "synonyms": [
      "Couronnes"
    ]
  },
  {
    "value": "Mairie de Montreuil",
    "synonyms": [
      "Mairie de Montreuil"
    ]
  },
  {
    "value": "Botzaris",
    "synonyms": [
      "Botzaris"
    ]
  },
  {
    "value": "Alexandre Dumas",
    "synonyms": [
      "Alexandre Dumas"
    ]
  },
  {
    "value": "Campo Formio",
    "synonyms": [
      "Campo Formio"
    ]
  },
  {
    "value": "Château de Vincennes",
    "synonyms": [
      "Château de Vincennes"
    ]
  },
  {
    "value": "Cité",
    "synonyms": [
      "Cité"
    ]
  },
  {
    "value": "Mirabeau",
    "synonyms": [
      "Mirabeau"
    ]
  },
  {
    "value": "Créteil – Préfecture",
    "synonyms": [
      "Créteil – Préfecture"
    ]
  },
  {
    "value": "Falguière",
    "synonyms": [
      "Falguière"
    ]
  },
  {
    "value": "Les Halles",
    "synonyms": [
      "Les Halles"
    ]
  },
  {
    "value": "Pelleport",
    "synonyms": [
      "Pelleport"
    ]
  },
  {
    "value": "La Motte-Picquet – Grenelle",
    "synonyms": [
      "La Motte-Picquet – Grenelle"
    ]
  },
  {
    "value": "Ledru-Rollin",
    "synonyms": [
      "Ledru-Rollin"
    ]
  },
  {
    "value": "Invalides",
    "synonyms": [
      "Invalides"
    ]
  },
  {
    "value": "Chardon Lagache",
    "synonyms": [
      "Chardon Lagache"
    ]
  },
  {
    "value": "Bolivar",
    "synonyms": [
      "Bolivar"
    ]
  },
  {
    "value": "Avenue Émile Zola",
    "synonyms": [
      "Avenue Émile Zola"
    ]
  },
  {
    "value": "Louvre – Rivoli",
    "synonyms": [
      "Louvre – Rivoli"
    ]
  },
  {
    "value": "La Fourche",
    "synonyms": [
      "La Fourche"
    ]
  },
  {
    "value": "Charenton – Écoles",
    "synonyms": [
      "Charenton – Écoles"
    ]
  },
  {
    "value": "Balard",
    "synonyms": [
      "Balard"
    ]
  },
  {
    "value": "Charles Michels",
    "synonyms": [
      "Charles Michels"
    ]
  },
  {
    "value": "Avron",
    "synonyms": [
      "Avron"
    ]
  },
  {
    "value": "Convention",
    "synonyms": [
      "Convention"
    ]
  },
  {
    "value": "Nationale",
    "synonyms": [
      "Nationale"
    ]
  },
  {
    "value": "Kléber",
    "synonyms": [
      "Kléber"
    ]
  },
  {
    "value": "Argentine",
    "synonyms": [
      "Argentine"
    ]
  },
  {
    "value": "Brochant",
    "synonyms": [
      "Brochant"
    ]
  },
  {
    "value": "Anatole France",
    "synonyms": [
      "Anatole France"
    ]
  },
  {
    "value": "Cadet",
    "synonyms": [
      "Cadet"
    ]
  },
  {
    "value": "École Vétérinaire de Maisons-Alfort",
    "synonyms": [
      "École Vétérinaire de Maisons-Alfort"
    ]
  },
  {
    "value": "Olympiades",
    "synonyms": [
      "Olympiades"
    ]
  },
  {
    "value": "Europe",
    "synonyms": [
      "Europe"
    ]
  },
  {
    "value": "Les Gobelins",
    "synonyms": [
      "Les Gobelins"
    ]
  },
  {
    "value": "Gambetta",
    "synonyms": [
      "Gambetta"
    ]
  },
  {
    "value": "Blanche",
    "synonyms": [
      "Blanche"
    ]
  },
  {
    "value": "Châtillon – Montrouge",
    "synonyms": [
      "Châtillon – Montrouge"
    ]
  },
  {
    "value": "Boucicaut",
    "synonyms": [
      "Boucicaut"
    ]
  },
  {
    "value": "Bibliothèque François Mitterrand",
    "synonyms": [
      "Bibliothèque François Mitterrand"
    ]
  },
  {
    "value": "La Muette",
    "synonyms": [
      "La Muette"
    ]
  },
  {
    "value": "Crimée",
    "synonyms": [
      "Crimée"
    ]
  },
  {
    "value": "Lourmel",
    "synonyms": [
      "Lourmel"
    ]
  },
  {
    "value": "Gallieni",
    "synonyms": [
      "Gallieni"
    ]
  },
  {
    "value": "Anvers",
    "synonyms": [
      "Anvers"
    ]
  },
  {
    "value": "Assemblée Nationale",
    "synonyms": [
      "Assemblée Nationale"
    ]
  },
  {
    "value": "Châtelet",
    "synonyms": [
      "Châtelet"
    ]
  },
  {
    "value": "La Courneuve – 8 Mai 1945",
    "synonyms": [
      "La Courneuve – 8 Mai 1945"
    ]
  },
  {
    "value": "Pereire",
    "synonyms": [
      "Pereire"
    ]
  },
  {
    "value": "Dupleix",
    "synonyms": [
      "Dupleix"
    ]
  },
  {
    "value": "Champs-Élysées – Clemenceau",
    "synonyms": [
      "Champs-Élysées – Clemenceau"
    ]
  },
  {
    "value": "Bir-Hakeim",
    "synonyms": [
      "Bir-Hakeim"
    ]
  },
  {
    "value": "Maisons-Alfort – Stade",
    "synonyms": [
      "Maisons-Alfort – Stade"
    ]
  },
  {
    "value": "Grands Boulevards",
    "synonyms": [
      "Grands Boulevards"
    ]
  },
  {
    "value": "Concorde",
    "synonyms": [
      "Concorde"
    ]
  },
  {
    "value": "Asnières – Gennevilliers – Les Courtilles",
    "synonyms": [
      "Asnières – Gennevilliers – Les Courtilles"
    ]
  },
  {
    "value": "Buzenval",
    "synonyms": [
      "Buzenval"
    ]
  },
  {
    "value": "Bréguet – Sabin",
    "synonyms": [
      "Bréguet – Sabin"
    ]
  },
  {
    "value": "Bel-Air",
    "synonyms": [
      "Bel-Air"
    ]
  },
  {
    "value": "Château d\u0027Eau",
    "synonyms": [
      "Château d\u0027Eau"
    ]
  },
  {
    "value": "Cambronne",
    "synonyms": [
      "Cambronne"
    ]
  },
  {
    "value": "Alma – Marceau",
    "synonyms": [
      "Alma – Marceau"
    ]
  },
  {
    "value": "Colonel Fabien",
    "synonyms": [
      "Colonel Fabien"
    ]
  },
  {
    "value": "Gare d\u0027Austerlitz",
    "synonyms": [
      "Gare d\u0027Austerlitz"
    ]
  },
  {
    "value": "Buttes Chaumont",
    "synonyms": [
      "Buttes Chaumont"
    ]
  },
  {
    "value": "Château-Landon",
    "synonyms": [
      "Château-Landon"
    ]
  },
  {
    "value": "Billancourt",
    "synonyms": [
      "Billancourt"
    ]
  },
  {
    "value": "Filles du Calvaire",
    "synonyms": [
      "Filles du Calvaire"
    ]
  },
  {
    "value": "Daumesnil",
    "synonyms": [
      "Daumesnil"
    ]
  },
  {
    "value": "La Défense – Grande Arche",
    "synonyms": [
      "La Défense – Grande Arche"
    ]
  },
  {
    "value": "Montparnasse – Bienvenüe",
    "synonyms": [
      "Montparnasse – Bienvenüe"
    ]
  },
  {
    "value": "Javel – André Citroën",
    "synonyms": [
      "Javel – André Citroën"
    ]
  },
  {
    "value": "Liège",
    "synonyms": [
      "Liège"
    ]
  },
  {
    "value": "Barbès – Rochechouart",
    "synonyms": [
      "Barbès – Rochechouart"
    ]
  },
  {
    "value": "Cardinal Lemoine",
    "synonyms": [
      "Cardinal Lemoine"
    ]
  },
  {
    "value": "Aubervilliers – Pantin – Quatre Chemins",
    "synonyms": [
      "Aubervilliers – Pantin – Quatre Chemins"
    ]
  },
  {
    "value": "Chaussée d\u0027Antin – La Fayette",
    "synonyms": [
      "Chaussée d\u0027Antin – La Fayette"
    ]
  },
  {
    "value": "Courcelles",
    "synonyms": [
      "Courcelles"
    ]
  },
  {
    "value": "Étienne Marcel",
    "synonyms": [
      "Étienne Marcel"
    ]
  },
  {
    "value": "Opéra",
    "synonyms": [
      "Opéra"
    ]
  },
  {
    "value": "Louise Michel",
    "synonyms": [
      "Louise Michel"
    ]
  },
  {
    "value": "Gaîté",
    "synonyms": [
      "Gaîté"
    ]
  },
  {
    "value": "Les Agnettes",
    "synonyms": [
      "Les Agnettes"
    ]
  },
  {
    "value": "Goncourt",
    "synonyms": [
      "Goncourt"
    ]
  },
  {
    "value": "Chevaleret",
    "synonyms": [
      "Chevaleret"
    ]
  },
  {
    "value": "Basilique de Saint-Denis",
    "synonyms": [
      "Basilique de Saint-Denis"
    ]
  },
  {
    "value": "Bercy",
    "synonyms": [
      "Bercy"
    ]
  },
  {
    "value": "Oberkampf",
    "synonyms": [
      "Oberkampf"
    ]
  },
  {
    "value": "Exelmans",
    "synonyms": [
      "Exelmans"
    ]
  },
  {
    "value": "Mabillon",
    "synonyms": [
      "Mabillon"
    ]
  },
  {
    "value": "Le Kremlin-Bicêtre",
    "synonyms": [
      "Le Kremlin-Bicêtre"
    ]
  },
  {
    "value": "Nation",
    "synonyms": [
      "Nation"
    ]
  },
  {
    "value": "Ménilmontant",
    "synonyms": [
      "Ménilmontant"
    ]
  },
  {
    "value": "Boissière",
    "synonyms": [
      "Boissière"
    ]
  },
  {
    "value": "Arts et Métiers",
    "synonyms": [
      "Arts et Métiers"
    ]
  },
  {
    "value": "Carrefour Pleyel",
    "synonyms": [
      "Carrefour Pleyel"
    ]
  },
  {
    "value": "Boulogne – Jean Jaurès",
    "synonyms": [
      "Boulogne – Jean Jaurès"
    ]
  },
  {
    "value": "Corentin Cariou",
    "synonyms": [
      "Corentin Cariou"
    ]
  },
  {
    "value": "Odéon",
    "synonyms": [
      "Odéon"
    ]
  },
  {
    "value": "Le Peletier",
    "synonyms": [
      "Le Peletier"
    ]
  },
  {
    "value": "Corvisart",
    "synonyms": [
      "Corvisart"
    ]
  },
  {
    "value": "Marx Dormoy",
    "synonyms": [
      "Marx Dormoy"
    ]
  },
  {
    "value": "Liberté",
    "synonyms": [
      "Liberté"
    ]
  },
  {
    "value": "Gare de l\u0027Est",
    "synonyms": [
      "Gare de l\u0027Est"
    ]
  },
  {
    "value": "George V",
    "synonyms": [
      "George V"
    ]
  },
  {
    "value": "Mairie d\u0027Issy",
    "synonyms": [
      "Mairie d\u0027Issy"
    ]
  },
  {
    "value": "Madeleine",
    "synonyms": [
      "Madeleine"
    ]
  },
  {
    "value": "Ourcq",
    "synonyms": [
      "Ourcq"
    ]
  },
  {
    "value": "Danube",
    "synonyms": [
      "Danube"
    ]
  },
  {
    "value": "Malakoff – Rue Étienne Dolet",
    "synonyms": [
      "Malakoff – Rue Étienne Dolet"
    ]
  },
  {
    "value": "Mairie des Lilas",
    "synonyms": [
      "Mairie des Lilas"
    ]
  },
  {
    "value": "La Tour-Maubourg",
    "synonyms": [
      "La Tour-Maubourg"
    ]
  },
  {
    "value": "Jacques Bonsergent",
    "synonyms": [
      "Jacques Bonsergent"
    ]
  },
  {
    "value": "Mairie d\u0027Ivry",
    "synonyms": [
      "Mairie d\u0027Ivry"
    ]
  },
  {
    "value": "Mairie de Montrouge",
    "synonyms": [
      "Mairie de Montrouge"
    ]
  },
  {
    "value": "Monceau",
    "synonyms": [
      "Monceau"
    ]
  },
  {
    "value": "Corentin Celton",
    "synonyms": [
      "Corentin Celton"
    ]
  },
  {
    "value": "Jourdain",
    "synonyms": [
      "Jourdain"
    ]
  },
  {
    "value": "Mairie de Clichy",
    "synonyms": [
      "Mairie de Clichy"
    ]
  },
  {
    "value": "Lamarck – Caulaincourt",
    "synonyms": [
      "Lamarck – Caulaincourt"
    ]
  },
  {
    "value": "Michel-Ange – Auteuil",
    "synonyms": [
      "Michel-Ange – Auteuil"
    ]
  },
  {
    "value": "Créteil – Université",
    "synonyms": [
      "Créteil – Université"
    ]
  },
  {
    "value": "Jules Joffrin",
    "synonyms": [
      "Jules Joffrin"
    ]
  },
  {
    "value": "Gare du Nord",
    "synonyms": [
      "Gare du Nord"
    ]
  },
  {
    "value": "Franklin D. Roosevelt",
    "synonyms": [
      "Franklin D. Roosevelt"
    ]
  },
  {
    "value": "Louis Blanc",
    "synonyms": [
      "Louis Blanc"
    ]
  },
  {
    "value": "Maisons-Alfort – Les Juilliottes",
    "synonyms": [
      "Maisons-Alfort – Les Juilliottes"
    ]
  },
  {
    "value": "Créteil – L\u0027Échat",
    "synonyms": [
      "Créteil – L\u0027Échat"
    ]
  },
  {
    "value": "Mairie de Saint-Ouen",
    "synonyms": [
      "Mairie de Saint-Ouen"
    ]
  },
  {
    "value": "Denfert-Rochereau",
    "synonyms": [
      "Denfert-Rochereau"
    ]
  },
  {
    "value": "Maubert-Mutualité",
    "synonyms": [
      "Maubert-Mutualité"
    ]
  },
  {
    "value": "Hôtel de Ville",
    "synonyms": [
      "Hôtel de Ville"
    ]
  },
  {
    "value": "Notre-Dame-de-Lorette",
    "synonyms": [
      "Notre-Dame-de-Lorette"
    ]
  },
  {
    "value": "Edgar Quinet",
    "synonyms": [
      "Edgar Quinet"
    ]
  },
  {
    "value": "Les Sablons",
    "synonyms": [
      "Les Sablons"
    ]
  },
  {
    "value": "Marcel Sembat",
    "synonyms": [
      "Marcel Sembat"
    ]
  },
  {
    "value": "Cour Saint-Émilion",
    "synonyms": [
      "Cour Saint-Émilion"
    ]
  },
  {
    "value": "Notre-Dame-des-Champs",
    "synonyms": [
      "Notre-Dame-des-Champs"
    ]
  },
  {
    "value": "Fort d\u0027Aubervilliers",
    "synonyms": [
      "Fort d\u0027Aubervilliers"
    ]
  },
  {
    "value": "Pasteur",
    "synonyms": [
      "Pasteur"
    ]
  },
  {
    "value": "Maraîchers",
    "synonyms": [
      "Maraîchers"
    ]
  },
  {
    "value": "Laumière",
    "synonyms": [
      "Laumière"
    ]
  },
  {
    "value": "Porte de la Villette",
    "synonyms": [
      "Porte de la Villette"
    ]
  },
  {
    "value": "Montgallet",
    "synonyms": [
      "Montgallet"
    ]
  },
  {
    "value": "Pigalle",
    "synonyms": [
      "Pigalle"
    ]
  },
  {
    "value": "Croix de Chavaux",
    "synonyms": [
      "Croix de Chavaux"
    ]
  },
  {
    "value": "Glacière",
    "synonyms": [
      "Glacière"
    ]
  },
  {
    "value": "North Sheen",
    "synonyms": [
      "North Sheen"
    ]
  },
  {
    "value": "Place de Clichy",
    "synonyms": [
      "Place de Clichy"
    ]
  },
  {
    "value": "Place d\u0027Italie",
    "synonyms": [
      "Place d\u0027Italie"
    ]
  },
  {
    "value": "Rennes",
    "synonyms": [
      "Rennes"
    ]
  },
  {
    "value": "Saint-Fargeau",
    "synonyms": [
      "Saint-Fargeau"
    ]
  },
  {
    "value": "Malakoff – Plateau de Vanves",
    "synonyms": [
      "Malakoff – Plateau de Vanves"
    ]
  },
  {
    "value": "Réaumur – Sébastopol",
    "synonyms": [
      "Réaumur – Sébastopol"
    ]
  },
  {
    "value": "Église d\u0027Auteuil",
    "synonyms": [
      "Église d\u0027Auteuil"
    ]
  },
  {
    "value": "Nine Elms",
    "synonyms": [
      "Nine Elms"
    ]
  },
  {
    "value": "Romford",
    "synonyms": [
      "Romford"
    ]
  },
  {
    "value": "Quatre-Septembre",
    "synonyms": [
      "Quatre-Septembre"
    ]
  },
  {
    "value": "Pratt\u0027s Bottom",
    "synonyms": [
      "Pratt\u0027s Bottom"
    ]
  },
  {
    "value": "Pinner",
    "synonyms": [
      "Pinner"
    ]
  },
  {
    "value": "Duroc",
    "synonyms": [
      "Duroc"
    ]
  },
  {
    "value": "Neasden",
    "synonyms": [
      "Neasden"
    ]
  },
  {
    "value": "Marcadet – Poissonniers",
    "synonyms": [
      "Marcadet – Poissonniers"
    ]
  },
  {
    "value": "Père Lachaise",
    "synonyms": [
      "Père Lachaise"
    ]
  },
  {
    "value": "Petersham",
    "synonyms": [
      "Petersham"
    ]
  },
  {
    "value": "Old Oak Common",
    "synonyms": [
      "Old Oak Common"
    ]
  },
  {
    "value": "Paddington",
    "synonyms": [
      "Paddington"
    ]
  },
  {
    "value": "Porte de Saint-Cloud",
    "synonyms": [
      "Porte de Saint-Cloud"
    ]
  },
  {
    "value": "École Militaire",
    "synonyms": [
      "École Militaire"
    ]
  },
  {
    "value": "Jasmin",
    "synonyms": [
      "Jasmin"
    ]
  },
  {
    "value": "Vavin",
    "synonyms": [
      "Vavin"
    ]
  },
  {
    "value": "Parmentier",
    "synonyms": [
      "Parmentier"
    ]
  },
  {
    "value": "Saint-Jacques",
    "synonyms": [
      "Saint-Jacques"
    ]
  },
  {
    "value": "Guy Môquet",
    "synonyms": [
      "Guy Môquet"
    ]
  },
  {
    "value": "Saint-François-Xavier",
    "synonyms": [
      "Saint-François-Xavier"
    ]
  },
  {
    "value": "Saint-Denis – Université",
    "synonyms": [
      "Saint-Denis – Université"
    ]
  },
  {
    "value": "Saint-Lazare",
    "synonyms": [
      "Saint-Lazare"
    ]
  },
  {
    "value": "Michel Bizot",
    "synonyms": [
      "Michel Bizot"
    ]
  },
  {
    "value": "Hoche",
    "synonyms": [
      "Hoche"
    ]
  },
  {
    "value": "Plumstead",
    "synonyms": [
      "Plumstead"
    ]
  },
  {
    "value": "Sanderstead",
    "synonyms": [
      "Sanderstead"
    ]
  },
  {
    "value": "Villiers",
    "synonyms": [
      "Villiers"
    ]
  },
  {
    "value": "Télégraphe",
    "synonyms": [
      "Télégraphe"
    ]
  },
  {
    "value": "Rue du Bac",
    "synonyms": [
      "Rue du Bac"
    ]
  },
  {
    "value": "North Ockendon",
    "synonyms": [
      "North Ockendon"
    ]
  },
  {
    "value": "Porte d\u0027Orléans",
    "synonyms": [
      "Porte d\u0027Orléans"
    ]
  },
  {
    "value": "Havre – Caumartin",
    "synonyms": [
      "Havre – Caumartin"
    ]
  },
  {
    "value": "Jaurès",
    "synonyms": [
      "Jaurès"
    ]
  },
  {
    "value": "Porte de Clichy",
    "synonyms": [
      "Porte de Clichy"
    ]
  },
  {
    "value": "Gare de Lyon",
    "synonyms": [
      "Gare de Lyon"
    ]
  },
  {
    "value": "Saint-Marcel",
    "synonyms": [
      "Saint-Marcel"
    ]
  },
  {
    "value": "Porte de Bagnolet",
    "synonyms": [
      "Porte de Bagnolet"
    ]
  },
  {
    "value": "Malesherbes",
    "synonyms": [
      "Malesherbes"
    ]
  },
  {
    "value": "Église de Pantin",
    "synonyms": [
      "Église de Pantin"
    ]
  },
  {
    "value": "Vaugirard",
    "synonyms": [
      "Vaugirard"
    ]
  },
  {
    "value": "Petts Wood",
    "synonyms": [
      "Petts Wood"
    ]
  },
  {
    "value": "Philippe Auguste",
    "synonyms": [
      "Philippe Auguste"
    ]
  },
  {
    "value": "Old Coulsdon",
    "synonyms": [
      "Old Coulsdon"
    ]
  },
  {
    "value": "Saint-Sulpice",
    "synonyms": [
      "Saint-Sulpice"
    ]
  },
  {
    "value": "Rambuteau",
    "synonyms": [
      "Rambuteau"
    ]
  },
  {
    "value": "Plaisance",
    "synonyms": [
      "Plaisance"
    ]
  },
  {
    "value": "Saint-Placide",
    "synonyms": [
      "Saint-Placide"
    ]
  },
  {
    "value": "Old Ford",
    "synonyms": [
      "Old Ford"
    ]
  },
  {
    "value": "Rush Green",
    "synonyms": [
      "Rush Green"
    ]
  },
  {
    "value": "Rue des Boulets",
    "synonyms": [
      "Rue des Boulets"
    ]
  },
  {
    "value": "New Malden",
    "synonyms": [
      "New Malden"
    ]
  },
  {
    "value": "Villejuif – Louis Aragon",
    "synonyms": [
      "Villejuif – Louis Aragon"
    ]
  },
  {
    "value": "Porte d\u0027Italie",
    "synonyms": [
      "Porte d\u0027Italie"
    ]
  },
  {
    "value": "Sands End",
    "synonyms": [
      "Sands End"
    ]
  },
  {
    "value": "Saint-Philippe du Roule",
    "synonyms": [
      "Saint-Philippe du Roule"
    ]
  },
  {
    "value": "Pyramides",
    "synonyms": [
      "Pyramides"
    ]
  },
  {
    "value": "Ranelagh",
    "synonyms": [
      "Ranelagh"
    ]
  },
  {
    "value": "Rue de la Pompe",
    "synonyms": [
      "Rue de la Pompe"
    ]
  },
  {
    "value": "Pont de Levallois – Bécon",
    "synonyms": [
      "Pont de Levallois – Bécon"
    ]
  },
  {
    "value": "Quai de la Rapée",
    "synonyms": [
      "Quai de la Rapée"
    ]
  },
  {
    "value": "Wagram",
    "synonyms": [
      "Wagram"
    ]
  },
  {
    "value": "Selhurst",
    "synonyms": [
      "Selhurst"
    ]
  },
  {
    "value": "North Woolwich",
    "synonyms": [
      "North Woolwich"
    ]
  },
  {
    "value": "Riddlesdown",
    "synonyms": [
      "Riddlesdown"
    ]
  },
  {
    "value": "Porte de Montreuil",
    "synonyms": [
      "Porte de Montreuil"
    ]
  },
  {
    "value": "Porte de Pantin",
    "synonyms": [
      "Porte de Pantin"
    ]
  },
  {
    "value": "Robespierre",
    "synonyms": [
      "Robespierre"
    ]
  },
  {
    "value": "Strasbourg – Saint-Denis",
    "synonyms": [
      "Strasbourg – Saint-Denis"
    ]
  },
  {
    "value": "Newbury Park",
    "synonyms": [
      "Newbury Park"
    ]
  },
  {
    "value": "Tuileries",
    "synonyms": [
      "Tuileries"
    ]
  },
  {
    "value": "Place des Fêtes",
    "synonyms": [
      "Place des Fêtes"
    ]
  },
  {
    "value": "Pont de Neuilly",
    "synonyms": [
      "Pont de Neuilly"
    ]
  },
  {
    "value": "Saint-Ambroise",
    "synonyms": [
      "Saint-Ambroise"
    ]
  },
  {
    "value": "Northolt",
    "synonyms": [
      "Northolt"
    ]
  },
  {
    "value": "Porte Maillot",
    "synonyms": [
      "Porte Maillot"
    ]
  },
  {
    "value": "Porte de Clignancourt",
    "synonyms": [
      "Porte de Clignancourt"
    ]
  },
  {
    "value": "Porte de Choisy",
    "synonyms": [
      "Porte de Choisy"
    ]
  },
  {
    "value": "Poissonnière",
    "synonyms": [
      "Poissonnière"
    ]
  },
  {
    "value": "Osterley",
    "synonyms": [
      "Osterley"
    ]
  },
  {
    "value": "Varenne",
    "synonyms": [
      "Varenne"
    ]
  },
  {
    "value": "Saint-Denis – Porte de Paris",
    "synonyms": [
      "Saint-Denis – Porte de Paris"
    ]
  },
  {
    "value": "Porte de Saint-Ouen",
    "synonyms": [
      "Porte de Saint-Ouen"
    ]
  },
  {
    "value": "Raynes Park",
    "synonyms": [
      "Raynes Park"
    ]
  },
  {
    "value": "Shacklewell",
    "synonyms": [
      "Shacklewell"
    ]
  },
  {
    "value": "Norwood Green",
    "synonyms": [
      "Norwood Green"
    ]
  },
  {
    "value": "Rome",
    "synonyms": [
      "Rome"
    ]
  },
  {
    "value": "Pré Saint-Gervais",
    "synonyms": [
      "Pré Saint-Gervais"
    ]
  },
  {
    "value": "Porte de Versailles",
    "synonyms": [
      "Porte de Versailles"
    ]
  },
  {
    "value": "New Cross",
    "synonyms": [
      "New Cross"
    ]
  },
  {
    "value": "Solférino",
    "synonyms": [
      "Solférino"
    ]
  },
  {
    "value": "Nag\u0027s Head",
    "synonyms": [
      "Nag\u0027s Head"
    ]
  },
  {
    "value": "Redbridge",
    "synonyms": [
      "Redbridge"
    ]
  },
  {
    "value": "Ponders End",
    "synonyms": [
      "Ponders End"
    ]
  },
  {
    "value": "Quai de la Gare",
    "synonyms": [
      "Quai de la Gare"
    ]
  },
  {
    "value": "Temple",
    "synonyms": [
      "Temple"
    ]
  },
  {
    "value": "Norbiton",
    "synonyms": [
      "Norbiton"
    ]
  },
  {
    "value": "Reuilly – Diderot",
    "synonyms": [
      "Reuilly – Diderot"
    ]
  },
  {
    "value": "Osidge",
    "synonyms": [
      "Osidge"
    ]
  },
  {
    "value": "Ternes",
    "synonyms": [
      "Ternes"
    ]
  },
  {
    "value": "Plaistow",
    "synonyms": [
      "Plaistow"
    ]
  },
  {
    "value": "Porte de Charenton",
    "synonyms": [
      "Porte de Charenton"
    ]
  },
  {
    "value": "Perivale",
    "synonyms": [
      "Perivale"
    ]
  },
  {
    "value": "Queen\u0027s Park",
    "synonyms": [
      "Queen\u0027s Park"
    ]
  },
  {
    "value": "Seven Kings",
    "synonyms": [
      "Seven Kings"
    ]
  },
  {
    "value": "Riquet",
    "synonyms": [
      "Riquet"
    ]
  },
  {
    "value": "Saint-Michel",
    "synonyms": [
      "Saint-Michel"
    ]
  },
  {
    "value": "North Finchley",
    "synonyms": [
      "North Finchley"
    ]
  },
  {
    "value": "Morden Park",
    "synonyms": [
      "Morden Park"
    ]
  },
  {
    "value": "Porte d\u0027Ivry",
    "synonyms": [
      "Porte d\u0027Ivry"
    ]
  },
  {
    "value": "Richelieu – Drouot",
    "synonyms": [
      "Richelieu – Drouot"
    ]
  },
  {
    "value": "North End",
    "synonyms": [
      "North End"
    ]
  },
  {
    "value": "Volontaires",
    "synonyms": [
      "Volontaires"
    ]
  },
  {
    "value": "Seven Sisters",
    "synonyms": [
      "Seven Sisters"
    ]
  },
  {
    "value": "Porte de Champerret",
    "synonyms": [
      "Porte de Champerret"
    ]
  },
  {
    "value": "Voltaire",
    "synonyms": [
      "Voltaire"
    ]
  },
  {
    "value": "Pentonville",
    "synonyms": [
      "Pentonville"
    ]
  },
  {
    "value": "Mottingham",
    "synonyms": [
      "Mottingham"
    ]
  },
  {
    "value": "Ségur",
    "synonyms": [
      "Ségur"
    ]
  },
  {
    "value": "Sèvres – Babylone",
    "synonyms": [
      "Sèvres – Babylone"
    ]
  },
  {
    "value": "Ruxley",
    "synonyms": [
      "Ruxley"
    ]
  },
  {
    "value": "Porte Dauphine",
    "synonyms": [
      "Porte Dauphine"
    ]
  },
  {
    "value": "North Harrow",
    "synonyms": [
      "North Harrow"
    ]
  },
  {
    "value": "New Barnet",
    "synonyms": [
      "New Barnet"
    ]
  },
  {
    "value": "Saint-Georges",
    "synonyms": [
      "Saint-Georges"
    ]
  },
  {
    "value": "Sentier",
    "synonyms": [
      "Sentier"
    ]
  },
  {
    "value": "Preston",
    "synonyms": [
      "Preston"
    ]
  },
  {
    "value": "Tachikawa Station",
    "synonyms": [
      "Tachikawa Station"
    ]
  },
  {
    "value": "Turnpike Lane",
    "synonyms": [
      "Turnpike Lane"
    ]
  },
  {
    "value": "Welling",
    "synonyms": [
      "Welling"
    ]
  },
  {
    "value": "Highbury and Islington Station",
    "synonyms": [
      "Highbury and Islington Station"
    ]
  },
  {
    "value": "Wembley",
    "synonyms": [
      "Wembley"
    ]
  },
  {
    "value": "Southend",
    "synonyms": [
      "Southend"
    ]
  },
  {
    "value": "Northwood",
    "synonyms": [
      "Northwood"
    ]
  },
  {
    "value": "West Hampstead",
    "synonyms": [
      "West Hampstead"
    ]
  },
  {
    "value": "Los Angeles International Airport",
    "synonyms": [
      "LAX",
      "Los Angeles International Airport",
      "LA International Airport",
      "Los Angeles Airport",
      "LA Airport",
      "KLAX"
    ]
  },
  {
    "value": "Tottenham Hale",
    "synonyms": [
      "Tottenham Hale"
    ]
  },
  {
    "value": "Philadelphia International Airport",
    "synonyms": [
      "PHL",
      "Philadelphia International Airport",
      "KPHI"
    ]
  },
  {
    "value": "Cleveland Hopkins International Airport",
    "synonyms": [
      "CLE",
      "Cleveland Hopkins International Airport"
    ]
  },
  {
    "value": "Manchester Piccadilly Station",
    "synonyms": [
      "Manchester Piccadilly Station"
    ]
  },
  {
    "value": "Wimbledon",
    "synonyms": [
      "Wimbledon"
    ]
  },
  {
    "value": "Brighton Station",
    "synonyms": [
      "Brighton Station"
    ]
  },
  {
    "value": "Kyoto Station",
    "synonyms": [
      "Kyoto Station"
    ]
  },
  {
    "value": "South Croydon",
    "synonyms": [
      "South Croydon"
    ]
  },
  {
    "value": "Sutton",
    "synonyms": [
      "Sutton"
    ]
  },
  {
    "value": "Porte de Vanves",
    "synonyms": [
      "Porte de Vanves"
    ]
  },
  {
    "value": "Daimon-Hamamatsucho Station",
    "synonyms": [
      "Daimon-Hamamatsucho Station"
    ]
  },
  {
    "value": "South Hackney",
    "synonyms": [
      "South Hackney"
    ]
  },
  {
    "value": "Salt Lake City International Airport",
    "synonyms": [
      "SLC",
      "Salt Lake City International Airport"
    ]
  },
  {
    "value": "Madrid Barajas Airport",
    "synonyms": [
      "MAD",
      "Madrid Barajas Airport",
      "LEMD"
    ]
  },
  {
    "value": "Shinagawa Station",
    "synonyms": [
      "Shinagawa Station"
    ]
  },
  {
    "value": "Tooting",
    "synonyms": [
      "Tooting"
    ]
  },
  {
    "value": "Athens International Airport",
    "synonyms": [
      "ATH",
      "Athens International Airport"
    ]
  },
  {
    "value": "San Diego International Airport",
    "synonyms": [
      "SAN",
      "San Diego International Airport"
    ]
  },
  {
    "value": "Trinité – d\u0027Estienne d\u0027Orves",
    "synonyms": [
      "Trinité – d\u0027Estienne d\u0027Orves"
    ]
  },
  {
    "value": "Plaistow",
    "synonyms": [
      "Plaistow"
    ]
  },
  {
    "value": "Selsdon",
    "synonyms": [
      "Selsdon"
    ]
  },
  {
    "value": "Pont Neuf",
    "synonyms": [
      "Pont Neuf"
    ]
  },
  {
    "value": "Tennouji Station",
    "synonyms": [
      "Tennouji Station"
    ]
  },
  {
    "value": "Sundridge",
    "synonyms": [
      "Sundridge"
    ]
  },
  {
    "value": "Shepherd\u0027s Bush",
    "synonyms": [
      "Shepherd\u0027s Bush"
    ]
  },
  {
    "value": "Surrey Quays",
    "synonyms": [
      "Surrey Quays"
    ]
  },
  {
    "value": "Gare du Nord",
    "synonyms": [
      "Gare du Nord"
    ]
  },
  {
    "value": "Worcester Park",
    "synonyms": [
      "Worcester Park"
    ]
  },
  {
    "value": "Rainham",
    "synonyms": [
      "Rainham"
    ]
  },
  {
    "value": "Ruislip",
    "synonyms": [
      "Ruislip"
    ]
  },
  {
    "value": "Porte des Lilas",
    "synonyms": [
      "Porte des Lilas"
    ]
  },
  {
    "value": "Orpington",
    "synonyms": [
      "Orpington"
    ]
  },
  {
    "value": "Saint-Sébastien – Froissart",
    "synonyms": [
      "Saint-Sébastien – Froissart"
    ]
  },
  {
    "value": "Picpus",
    "synonyms": [
      "Picpus"
    ]
  },
  {
    "value": "Saint-Augustin",
    "synonyms": [
      "Saint-Augustin"
    ]
  },
  {
    "value": "New Eltham",
    "synonyms": [
      "New Eltham"
    ]
  },
  {
    "value": "Porte de la Chapelle",
    "synonyms": [
      "Porte de la Chapelle"
    ]
  },
  {
    "value": "Sèvres – Lecourbe",
    "synonyms": [
      "Sèvres – Lecourbe"
    ]
  },
  {
    "value": "Victor Hugo",
    "synonyms": [
      "Victor Hugo"
    ]
  },
  {
    "value": "Saint-Mandé",
    "synonyms": [
      "Saint-Mandé"
    ]
  },
  {
    "value": "Porte Dorée",
    "synonyms": [
      "Porte Dorée"
    ]
  },
  {
    "value": "Muswell Hill",
    "synonyms": [
      "Muswell Hill"
    ]
  },
  {
    "value": "Pimlico",
    "synonyms": [
      "Pimlico"
    ]
  },
  {
    "value": "Roma Termini Station",
    "synonyms": [
      "Roma Termini Station"
    ]
  },
  {
    "value": "East Croydon Station",
    "synonyms": [
      "East Croydon Station"
    ]
  },
  {
    "value": "Edinburgh Waverley Station",
    "synonyms": [
      "Edinburgh Waverley Station"
    ]
  },
  {
    "value": "Namba Station",
    "synonyms": [
      "Namba Station"
    ]
  },
  {
    "value": "Honolulu International Airport",
    "synonyms": [
      "HNL",
      "Honolulu International Airport",
      "Honolulu Airport"
    ]
  },
  {
    "value": "Vauxhall Station",
    "synonyms": [
      "Vauxhall Station"
    ]
  },
  {
    "value": "Strawberry Hill",
    "synonyms": [
      "Strawberry Hill"
    ]
  },
  {
    "value": "Barcelona Airport",
    "synonyms": [
      "BCN",
      "Barcelona Airport",
      "LEBL"
    ]
  },
  {
    "value": "Leonardo da Vinci Airport",
    "synonyms": [
      "FCO",
      "Leonardo da Vinci Airport",
      "LIRF"
    ]
  },
  {
    "value": "Rotherhithe",
    "synonyms": [
      "Rotherhithe"
    ]
  },
  {
    "value": "Pont Marie",
    "synonyms": [
      "Pont Marie"
    ]
  },
  {
    "value": "Villejuif – Léo Lagrange",
    "synonyms": [
      "Villejuif – Léo Lagrange"
    ]
  },
  {
    "value": "Pont de Sèvres",
    "synonyms": [
      "Pont de Sèvres"
    ]
  },
  {
    "value": "Norbury",
    "synonyms": [
      "Norbury"
    ]
  },
  {
    "value": "Nunhead",
    "synonyms": [
      "Nunhead"
    ]
  },
  {
    "value": "Roehampton",
    "synonyms": [
      "Roehampton"
    ]
  },
  {
    "value": "Poplar",
    "synonyms": [
      "Poplar"
    ]
  },
  {
    "value": "Indira Gandhi International Airport",
    "synonyms": [
      "DEL",
      "Indira Gandhi International Airport",
      "VIDP",
      "Delhi Airport",
      "New Delhi Airport"
    ]
  },
  {
    "value": "Stamford Hill",
    "synonyms": [
      "Stamford Hill"
    ]
  },
  {
    "value": "Vaneau",
    "synonyms": [
      "Vaneau"
    ]
  },
  {
    "value": "Peckham",
    "synonyms": [
      "Peckham"
    ]
  },
  {
    "value": "Shirley",
    "synonyms": [
      "Shirley"
    ]
  },
  {
    "value": "Westcombe Park",
    "synonyms": [
      "Westcombe Park"
    ]
  },
  {
    "value": "South Harrow",
    "synonyms": [
      "South Harrow"
    ]
  },
  {
    "value": "Oshiage Station",
    "synonyms": [
      "Oshiage Station"
    ]
  },
  {
    "value": "Tampa International Airport",
    "synonyms": [
      "TPA",
      "Tampa International Airport"
    ]
  },
  {
    "value": "Chhatrapati Shivaji International Airport",
    "synonyms": [
      "BOM",
      "Chhatrapati Shivaji International Airport",
      "VABB",
      "Sahar International Airport"
    ]
  },
  {
    "value": "John Glenn Columbus International Airport",
    "synonyms": [
      "CMH",
      "John Glenn Columbus International Airport"
    ]
  },
  {
    "value": "Chicago Midway International Airport",
    "synonyms": [
      "MDW",
      "Chicago Midway International Airport",
      "Midway International Airport",
      "Midway Airport",
      "Chicago Midway Airport"
    ]
  },
  {
    "value": "Woodford",
    "synonyms": [
      "Woodford"
    ]
  },
  {
    "value": "Ontario International Airport",
    "synonyms": [
      "ONT",
      "Ontario International Airport"
    ]
  },
  {
    "value": "Northumberland Heath",
    "synonyms": [
      "Northumberland Heath"
    ]
  },
  {
    "value": "Newington",
    "synonyms": [
      "Newington"
    ]
  },
  {
    "value": "Rue Saint-Maur",
    "synonyms": [
      "Rue Saint-Maur"
    ]
  },
  {
    "value": "Purley",
    "synonyms": [
      "Purley"
    ]
  },
  {
    "value": "Tolbiac",
    "synonyms": [
      "Tolbiac"
    ]
  },
  {
    "value": "Stalingrad",
    "synonyms": [
      "Stalingrad"
    ]
  },
  {
    "value": "Surbiton",
    "synonyms": [
      "Surbiton"
    ]
  },
  {
    "value": "Oakleigh Park",
    "synonyms": [
      "Oakleigh Park"
    ]
  },
  {
    "value": "Funabashi Station",
    "synonyms": [
      "Funabashi Station"
    ]
  },
  {
    "value": "Lambert–St. Louis International Airport",
    "synonyms": [
      "STL",
      "Lambert–St. Louis International Airport",
      "St. Louis International Airport at Lambert Field",
      "Lambert St Louis International Airport",
      "St Louis International Airport at Lambert Field",
      "Lambert Saint Louis International Airport"
    ]
  },
  {
    "value": "Musashikosugi Station",
    "synonyms": [
      "Musashikosugi Station"
    ]
  },
  {
    "value": "London Cannon Street Station",
    "synonyms": [
      "London Cannon Street Station"
    ]
  },
  {
    "value": "Miami International Airport",
    "synonyms": [
      "MIA",
      "Miami International Airport",
      "KMIA",
      "Miami Airport"
    ]
  },
  {
    "value": "Narita International Airport",
    "synonyms": [
      "NRT",
      "Narita International Airport",
      "RJAA"
    ]
  },
  {
    "value": "Akihabara Station",
    "synonyms": [
      "Akihabara Station"
    ]
  },
  {
    "value": "Mortlake",
    "synonyms": [
      "Mortlake"
    ]
  },
  {
    "value": "Ratcliff",
    "synonyms": [
      "Ratcliff"
    ]
  },
  {
    "value": "Motspur Park",
    "synonyms": [
      "Motspur Park"
    ]
  },
  {
    "value": "Porte de Vincennes",
    "synonyms": [
      "Porte de Vincennes"
    ]
  },
  {
    "value": "Porte d\u0027Auteuil",
    "synonyms": [
      "Porte d\u0027Auteuil"
    ]
  },
  {
    "value": "Penge",
    "synonyms": [
      "Penge"
    ]
  },
  {
    "value": "Leipzig Hauptbahnhof",
    "synonyms": [
      "Leipzig Hauptbahnhof"
    ]
  },
  {
    "value": "Sidcup",
    "synonyms": [
      "Sidcup"
    ]
  },
  {
    "value": "Liverpool Lime Street Station",
    "synonyms": [
      "Liverpool Lime Street Station"
    ]
  },
  {
    "value": "Oimachi Station",
    "synonyms": [
      "Oimachi Station"
    ]
  },
  {
    "value": "Tamachi-Mita Station",
    "synonyms": [
      "Tamachi-Mita Station"
    ]
  },
  {
    "value": "Shoreditch",
    "synonyms": [
      "Shoreditch"
    ]
  },
  {
    "value": "Pierre et Marie Curie",
    "synonyms": [
      "Pierre et Marie Curie"
    ]
  },
  {
    "value": "New Addington",
    "synonyms": [
      "New Addington"
    ]
  },
  {
    "value": "North Kensington",
    "synonyms": [
      "North Kensington"
    ]
  },
  {
    "value": "General Mitchell International Airport",
    "synonyms": [
      "MKE",
      "General Mitchell International Airport"
    ]
  },
  {
    "value": "Woodlands",
    "synonyms": [
      "Woodlands"
    ]
  },
  {
    "value": "Twickenham",
    "synonyms": [
      "Twickenham"
    ]
  },
  {
    "value": "Glasgow Central Station",
    "synonyms": [
      "Glasgow Central Station"
    ]
  },
  {
    "value": "Tokyo International Airport",
    "synonyms": [
      "HND",
      "Tokyo Haneda Airport",
      "RJTT",
      "Tokyo International Airport",
      "Haneda Airport"
    ]
  },
  {
    "value": "London Blackfriars Station",
    "synonyms": [
      "London Blackfriars Station"
    ]
  },
  {
    "value": "Queensbury",
    "synonyms": [
      "Queensbury"
    ]
  },
  {
    "value": "Primrose Hill",
    "synonyms": [
      "Primrose Hill"
    ]
  },
  {
    "value": "Verdun-Sud",
    "synonyms": [
      "Verdun-Sud"
    ]
  },
  {
    "value": "Noak Hill",
    "synonyms": [
      "Noak Hill"
    ]
  },
  {
    "value": "Putney",
    "synonyms": [
      "Putney"
    ]
  },
  {
    "value": "Parsons Green",
    "synonyms": [
      "Parsons Green"
    ]
  },
  {
    "value": "Raspail",
    "synonyms": [
      "Raspail"
    ]
  },
  {
    "value": "Park Royal",
    "synonyms": [
      "Park Royal"
    ]
  },
  {
    "value": "New Southgate",
    "synonyms": [
      "New Southgate"
    ]
  },
  {
    "value": "Thamesmead",
    "synonyms": [
      "Thamesmead"
    ]
  },
  {
    "value": "Nagoya Station",
    "synonyms": [
      "Nagoya Station"
    ]
  },
  {
    "value": "Glasgow Queen Street Station",
    "synonyms": [
      "Glasgow Queen Street Station"
    ]
  },
  {
    "value": "Nakameguro Station",
    "synonyms": [
      "Nakameguro Station"
    ]
  },
  {
    "value": "Gotanda Station",
    "synonyms": [
      "Gotanda Station"
    ]
  },
  {
    "value": "Ikebukuro Station",
    "synonyms": [
      "Ikebukuro Station"
    ]
  },
  {
    "value": "Spitalfields",
    "synonyms": [
      "Spitalfields"
    ]
  },
  {
    "value": "Upminster Bridge",
    "synonyms": [
      "Upminster Bridge"
    ]
  },
  {
    "value": "Palm Beach International Airport",
    "synonyms": [
      "PBI",
      "Palm Beach International Airport"
    ]
  },
  {
    "value": "Nakano Station",
    "synonyms": [
      "Nakano Station"
    ]
  },
  {
    "value": "Seattle–Tacoma International Airport",
    "synonyms": [
      "SEA",
      "Seattle–Tacoma International Airport",
      "KSEA",
      "Seattle Tacoma International Airport"
    ]
  },
  {
    "value": "San José International Airport",
    "synonyms": [
      "SJC",
      "San José International Airport",
      "San Jose International Airport",
      "San José Airport",
      "San Jose Airport",
      "Norman Y. Mineta San José International Airport",
      "Norman Y. Mineta San Jose International Airport",
      "Norman Y Mineta San Jose International Airport"
    ]
  },
  {
    "value": "Villejuif – Paul Vaillant-Couturier",
    "synonyms": [
      "Villejuif – Paul Vaillant-Couturier"
    ]
  },
  {
    "value": "Notting Hill",
    "synonyms": [
      "Notting Hill"
    ]
  },
  {
    "value": "République",
    "synonyms": [
      "République"
    ]
  },
  {
    "value": "Old Malden",
    "synonyms": [
      "Old Malden"
    ]
  },
  {
    "value": "Sudbury",
    "synonyms": [
      "Sudbury"
    ]
  },
  {
    "value": "Sydney Airport",
    "synonyms": [
      "SYD",
      "Sydney Airport",
      "YSSY"
    ]
  },
  {
    "value": "Hartsfield–Jackson Atlanta International Airport",
    "synonyms": [
      "ATL",
      "Hartsfield–Jackson Atlanta International Airport",
      "Hartsfield Jackson Atlanta International Airport",
      "Atlanta International Airport",
      "KATL"
    ]
  },
  {
    "value": "Silvertown",
    "synonyms": [
      "Silvertown"
    ]
  },
  {
    "value": "Wennington",
    "synonyms": [
      "Wennington"
    ]
  },
  {
    "value": "West Kensington",
    "synonyms": [
      "West Kensington"
    ]
  },
  {
    "value": "St Giles",
    "synonyms": [
      "St Giles"
    ]
  },
  {
    "value": "Waddon",
    "synonyms": [
      "Waddon"
    ]
  },
  {
    "value": "Saint-Germain-des-Prés",
    "synonyms": [
      "Saint-Germain-des-Prés"
    ]
  },
  {
    "value": "Richard-Lenoir",
    "synonyms": [
      "Richard-Lenoir"
    ]
  },
  {
    "value": "Saint-Paul",
    "synonyms": [
      "Saint-Paul"
    ]
  },
  {
    "value": "Rayners Lane",
    "synonyms": [
      "Rayners Lane"
    ]
  },
  {
    "value": "Palmers Green",
    "synonyms": [
      "Palmers Green"
    ]
  },
  {
    "value": "Sully – Morland",
    "synonyms": [
      "Sully – Morland"
    ]
  },
  {
    "value": "Kichijoji Station",
    "synonyms": [
      "Kichijoji Station"
    ]
  },
  {
    "value": "Washington Dulles International Airport",
    "synonyms": [
      "IAD",
      "Washington Dulles International Airport",
      "Washington Dulles Airport"
    ]
  },
  {
    "value": "Ted Stevens Anchorage International Airport",
    "synonyms": [
      "ANC",
      "Ted Stevens Anchorage Airport"
    ]
  },
  {
    "value": "Tottenham",
    "synonyms": [
      "Tottenham"
    ]
  },
  {
    "value": "Kashiwa Station",
    "synonyms": [
      "Kashiwa Station"
    ]
  },
  {
    "value": "Albuquerque International Sunport",
    "synonyms": [
      "ABQ",
      "Albuquerque International Sunport"
    ]
  },
  {
    "value": "Pyrénées",
    "synonyms": [
      "Pyrénées"
    ]
  },
  {
    "value": "Richmond",
    "synonyms": [
      "Richmond"
    ]
  },
  {
    "value": "Pointe du Lac",
    "synonyms": [
      "Pointe du Lac"
    ]
  },
  {
    "value": "Kyobashi Station",
    "synonyms": [
      "Kyobashi Station"
    ]
  },
  {
    "value": "Teddington",
    "synonyms": [
      "Teddington"
    ]
  },
  {
    "value": "Tulse Hill",
    "synonyms": [
      "Tulse Hill"
    ]
  },
  {
    "value": "São Paulo-Guarulhos International Airport",
    "synonyms": [
      "GRU",
      "São Paulo-Guarulhos International Airport",
      "SBGR"
    ]
  },
  {
    "value": "Simplon",
    "synonyms": [
      "Simplon"
    ]
  },
  {
    "value": "Place Monge",
    "synonyms": [
      "Place Monge"
    ]
  },
  {
    "value": "Trocadéro",
    "synonyms": [
      "Trocadéro"
    ]
  },
  {
    "value": "St Helier",
    "synonyms": [
      "St Helier"
    ]
  },
  {
    "value": "South Wimbledon",
    "synonyms": [
      "South Wimbledon"
    ]
  },
  {
    "value": "McCarran International Airport",
    "synonyms": [
      "LAS",
      "McCarran International Airport",
      "McCarran Airport",
      "KLAS"
    ]
  },
  {
    "value": "London Liverpool Street Station",
    "synonyms": [
      "London Liverpool Street Station"
    ]
  },
  {
    "value": "Kahului Airport",
    "synonyms": [
      "OGG",
      "Kahului Airport"
    ]
  },
  {
    "value": "Walworth",
    "synonyms": [
      "Walworth"
    ]
  },
  {
    "value": "Yoyogi-Uehara Station",
    "synonyms": [
      "Yoyogi-Uehara Station"
    ]
  },
  {
    "value": "St Johns",
    "synonyms": [
      "St Johns"
    ]
  },
  {
    "value": "Gare de Chatele Station",
    "synonyms": [
      "Gare de Chatele Station"
    ]
  },
  {
    "value": "Gara de Sud",
    "synonyms": [
      "Gara de Sud"
    ]
  },
  {
    "value": "Sipson",
    "synonyms": [
      "Sipson"
    ]
  },
  {
    "value": "Leeds Station",
    "synonyms": [
      "Leeds Station"
    ]
  },
  {
    "value": "Wormwood Scrubs",
    "synonyms": [
      "Wormwood Scrubs"
    ]
  },
  {
    "value": "Nishi-Nippori Station",
    "synonyms": [
      "Nishi-Nippori Station"
    ]
  },
  {
    "value": "Pittsburgh International Airport\"б\"PIT",
    "synonyms": [
      "Pittsburgh International Airport"
    ]
  },
  {
    "value": "London Fenchurch Street Station",
    "synonyms": [
      "London Fenchurch Street Station"
    ]
  },
  {
    "value": "Munich Airport",
    "synonyms": [
      "MUC",
      "Munich Airport",
      "EDDM"
    ]
  },
  {
    "value": "Fort Lauderdale–Hollywood International Airport",
    "synonyms": [
      "FLL",
      "Fort Lauderdale–Hollywood International Airport"
    ]
  },
  {
    "value": "Totteridge",
    "synonyms": [
      "Totteridge"
    ]
  },
  {
    "value": "Takadanobaba Station",
    "synonyms": [
      "Takadanobaba Station"
    ]
  },
  {
    "value": "Southall",
    "synonyms": [
      "Southall"
    ]
  },
  {
    "value": "Stratford Station",
    "synonyms": [
      "Stratford Station"
    ]
  },
  {
    "value": "Whitechapel",
    "synonyms": [
      "Whitechapel"
    ]
  },
  {
    "value": "Logan International Airport",
    "synonyms": [
      "BOS",
      "Logan International Airport",
      "KBOS"
    ]
  },
  {
    "value": "London St Pancras Station",
    "synonyms": [
      "London St Pancras Station"
    ]
  },
  {
    "value": "Phoenix Sky Harbor International Airport",
    "synonyms": [
      "PHX",
      "Phoenix Sky Harbor International Airport",
      "Sky Harbor International Airport",
      "Sky Harbor Airport",
      "Phoenix Sky Harbor Airport"
    ]
  },
  {
    "value": "Walthamstow",
    "synonyms": [
      "Walthamstow"
    ]
  },
  {
    "value": "Woodside Park",
    "synonyms": [
      "Woodside Park"
    ]
  },
  {
    "value": "Tower Hill",
    "synonyms": [
      "Tower Hill"
    ]
  },
  {
    "value": "Paris-Charles de Gaulle Airport",
    "synonyms": [
      "CDG",
      "Paris-Charles de Gaulle Airport",
      "LFPG"
    ]
  },
  {
    "value": "Winchmore Hill",
    "synonyms": [
      "Winchmore Hill"
    ]
  },
  {
    "value": "Omiya Station",
    "synonyms": [
      "Omiya Station"
    ]
  },
  {
    "value": "Berlin Hauptbahnhof",
    "synonyms": [
      "Berlin Hauptbahnhof"
    ]
  },
  {
    "value": "Bristol Airport",
    "synonyms": [
      "BRS",
      "Bristol airport"
    ]
  },
  {
    "value": "Upminster",
    "synonyms": [
      "Upminster"
    ]
  },
  {
    "value": "Jacksonville International Airport",
    "synonyms": [
      "JAX",
      "Jacksonville International Airport"
    ]
  },
  {
    "value": "Atatürk International Airport",
    "synonyms": [
      "IST",
      "Atatürk International Airport",
      "LTBA",
      "Istanbul Atatürk Airport"
    ]
  },
  {
    "value": "South Woodford",
    "synonyms": [
      "South Woodford"
    ]
  },
  {
    "value": "West Ealing",
    "synonyms": [
      "West Ealing"
    ]
  },
  {
    "value": "West Brompton",
    "synonyms": [
      "West Brompton"
    ]
  },
  {
    "value": "Frankfurt Airport",
    "synonyms": [
      "FRA",
      "Frankfurt Airport",
      "EDDF"
    ]
  },
  {
    "value": "Dallas Love Field",
    "synonyms": [
      "DAL",
      "Dallas Love Field"
    ]
  },
  {
    "value": "Vauxhall",
    "synonyms": [
      "Vauxhall"
    ]
  },
  {
    "value": "Yokohama Station",
    "synonyms": [
      "Yokohama Station"
    ]
  },
  {
    "value": "Snaresbrook",
    "synonyms": [
      "Snaresbrook"
    ]
  },
  {
    "value": "West Drayton",
    "synonyms": [
      "West Drayton"
    ]
  },
  {
    "value": "Newark Liberty International Airport",
    "synonyms": [
      "EWR",
      "Newark Liberty International Airport"
    ]
  },
  {
    "value": "Southgate",
    "synonyms": [
      "Southgate"
    ]
  },
  {
    "value": "Somerstown",
    "synonyms": [
      "Somerstown"
    ]
  },
  {
    "value": "St John\u0027s Wood",
    "synonyms": [
      "St John\u0027s Wood"
    ]
  },
  {
    "value": "Southwest Florida International Airport",
    "synonyms": [
      "RSW",
      "Southwest Florida International Airport"
    ]
  },
  {
    "value": "Suvarnabhumi Airport",
    "synonyms": [
      "BKK",
      "Suvarnabhumi Airport",
      "VTBS"
    ]
  },
  {
    "value": "San Antonio International Airport",
    "synonyms": [
      "SAT",
      "San Antonio International Airport"
    ]
  },
  {
    "value": "Yurakucho-Hibiya Station",
    "synonyms": [
      "Yurakucho-Hibiya Station"
    ]
  },
  {
    "value": "Shanghai Pudong International Airport",
    "synonyms": [
      "PVG",
      "Shanghai Pudong International Airport",
      "ZSPD"
    ]
  },
  {
    "value": "Wandsworth",
    "synonyms": [
      "Wandsworth"
    ]
  },
  {
    "value": "London King\u0027s Cross Station",
    "synonyms": [
      "London King\u0027s Cross Station"
    ]
  },
  {
    "value": "Soekarno-Hatta International Airport",
    "synonyms": [
      "CGK",
      "Soekarno-Hatta International Airport",
      "WIII",
      "Soekarno Hatta International Airport"
    ]
  },
  {
    "value": "Kaneyama Station",
    "synonyms": [
      "Kaneyama Station"
    ]
  },
  {
    "value": "Slade Green",
    "synonyms": [
      "Slade Green"
    ]
  },
  {
    "value": "Streatham",
    "synonyms": [
      "Streatham"
    ]
  },
  {
    "value": "Iidabashi Station",
    "synonyms": [
      "Iidabashi Station"
    ]
  },
  {
    "value": "Luis Muñoz Marín International Airport",
    "synonyms": [
      "SJU",
      "Luis Muñoz Marín International Airport"
    ]
  },
  {
    "value": "St Luke\u0027s",
    "synonyms": [
      "St Luke\u0027s"
    ]
  },
  {
    "value": "Oakland International Airport",
    "synonyms": [
      "OAK",
      "Oakland International Airport"
    ]
  },
  {
    "value": "West Harrow",
    "synonyms": [
      "West Harrow"
    ]
  },
  {
    "value": "Nashville International Airport",
    "synonyms": [
      "BNA",
      "Nashville International Airport"
    ]
  },
  {
    "value": "Benito Juárez International Airport",
    "synonyms": [
      "MEX",
      "Benito Juárez International Airport",
      "MMMX"
    ]
  },
  {
    "value": "Shenzhen Bao\u0027an International Airport",
    "synonyms": [
      "SZX",
      "Shenzhen Bao\u0027an International Airport",
      "ZGSZ"
    ]
  },
  {
    "value": "Hakata Station",
    "synonyms": [
      "Hakata Station"
    ]
  },
  {
    "value": "Stepney",
    "synonyms": [
      "Stepney"
    ]
  },
  {
    "value": "Wealdstone",
    "synonyms": [
      "Wealdstone"
    ]
  },
  {
    "value": "Walthamstow Village",
    "synonyms": [
      "Walthamstow Village"
    ]
  },
  {
    "value": "Wimbledon Station",
    "synonyms": [
      "Wimbledon Station"
    ]
  },
  {
    "value": "LaGuardia Airport",
    "synonyms": [
      "LGA",
      "LaGuardia Airport"
    ]
  },
  {
    "value": "South Ruislip",
    "synonyms": [
      "South Ruislip"
    ]
  },
  {
    "value": "West Norwood",
    "synonyms": [
      "West Norwood"
    ]
  },
  {
    "value": "St James\u0027s",
    "synonyms": [
      "St James\u0027s"
    ]
  },
  {
    "value": "London Bridge Station",
    "synonyms": [
      "London Bridge Station"
    ]
  },
  {
    "value": "Wembley Park",
    "synonyms": [
      "Wembley Park"
    ]
  },
  {
    "value": "San Francisco International Airport",
    "synonyms": [
      "SFO",
      "San Francisco International Airport",
      "KSFO"
    ]
  },
  {
    "value": "Shanghai Hongqiao International Airport",
    "synonyms": [
      "SHA",
      "Shanghai Hongqiao International Airport",
      "ZSSS"
    ]
  },
  {
    "value": "Stoke Newington",
    "synonyms": [
      "Stoke Newington"
    ]
  },
  {
    "value": "Stratford",
    "synonyms": [
      "Stratford"
    ]
  },
  {
    "value": "Upper Walthamstow",
    "synonyms": [
      "Upper Walthamstow"
    ]
  },
  {
    "value": "Wallington",
    "synonyms": [
      "Wallington"
    ]
  },
  {
    "value": "Temple Fortune",
    "synonyms": [
      "Temple Fortune"
    ]
  },
  {
    "value": "Kita-Senju Station",
    "synonyms": [
      "Kita-Senju Station"
    ]
  },
  {
    "value": "Tottenham Green",
    "synonyms": [
      "Tottenham Green"
    ]
  },
  {
    "value": "Sydenham Hill",
    "synonyms": [
      "Sydenham Hill"
    ]
  },
  {
    "value": "Shinjuku Station",
    "synonyms": [
      "Shinjuku Station"
    ]
  },
  {
    "value": "Uxbridge",
    "synonyms": [
      "Uxbridge"
    ]
  },
  {
    "value": "Toronto Pearson International Airport",
    "synonyms": [
      "YYZ",
      "Toronto Pearson International Airport",
      "CYYZ"
    ]
  },
  {
    "value": "Southborough",
    "synonyms": [
      "Southborough"
    ]
  },
  {
    "value": "Paris-Orly Airport",
    "synonyms": [
      "ORY",
      "Paris-Orly Airport",
      "Paris Orly Airport",
      "LFPO"
    ]
  },
  {
    "value": "Grand Central Terminal",
    "synonyms": [
      "Grand Central Terminal"
    ]
  },
  {
    "value": "Thornton Heath",
    "synonyms": [
      "Thornton Heath"
    ]
  },
  {
    "value": "Tooting Bec",
    "synonyms": [
      "Tooting Bec"
    ]
  },
  {
    "value": "Raleigh–Durham International Airport",
    "synonyms": [
      "RDU",
      "Raleigh–Durham International Airport",
      "Raleigh Durham International Airport"
    ]
  },
  {
    "value": "St Mary Cray",
    "synonyms": [
      "St Mary Cray"
    ]
  },
  {
    "value": "South Norwood",
    "synonyms": [
      "South Norwood"
    ]
  },
  {
    "value": "Belfast International Airport",
    "synonyms": [
      "BFS",
      "Belfast International Airport",
      "Belfast International",
      "Belfast Airport"
    ]
  },
  {
    "value": "West Ham",
    "synonyms": [
      "West Ham"
    ]
  },
  {
    "value": "Orlando International Airport",
    "synonyms": [
      "MCO",
      "Orlando International Airport",
      "KMCO"
    ]
  },
  {
    "value": "Wapping",
    "synonyms": [
      "Wapping"
    ]
  },
  {
    "value": "Ueno Station",
    "synonyms": [
      "Ueno Station"
    ]
  },
  {
    "value": "Tullamarine International Airport",
    "synonyms": [
      "MEL",
      "Tullamarine International Airport",
      "YMML",
      "Melbourne Airport"
    ]
  },
  {
    "value": "Ninoy Aquino International Airport",
    "synonyms": [
      "MNL",
      "Ninoy Aquino International Airport",
      "RPLL"
    ]
  },
  {
    "value": "Temple",
    "synonyms": [
      "Temple"
    ]
  },
  {
    "value": "Southfields",
    "synonyms": [
      "Southfields"
    ]
  },
  {
    "value": "Whitton",
    "synonyms": [
      "Whitton"
    ]
  },
  {
    "value": "Hong Kong International Airport",
    "synonyms": [
      "HKG",
      "Hong Kong International Airport",
      "VHHH"
    ]
  },
  {
    "value": "St Pancras",
    "synonyms": [
      "St Pancras"
    ]
  },
  {
    "value": "Birmingham New Street Station",
    "synonyms": [
      "Birmingham New Street Station"
    ]
  },
  {
    "value": "Stanmore",
    "synonyms": [
      "Stanmore"
    ]
  },
  {
    "value": "London Gatwick Airport",
    "synonyms": [
      "LGW",
      "London Gatwick Airport",
      "EGKK",
      "Gatwick",
      "Gatwick Airport"
    ]
  },
  {
    "value": "Soho",
    "synonyms": [
      "Soho"
    ]
  },
  {
    "value": "Sannomiya Station",
    "synonyms": [
      "Sannomiya Station"
    ]
  },
  {
    "value": "Taipei Railway Station",
    "synonyms": [
      "Taipei Railway Station"
    ]
  },
  {
    "value": "Shooter\u0027s Hill",
    "synonyms": [
      "Shooter\u0027s Hill"
    ]
  },
  {
    "value": "Indianapolis International Airport",
    "synonyms": [
      "IND",
      "Indianapolis International Airport"
    ]
  },
  {
    "value": "Pensacola International Airport",
    "synonyms": [
      "PNS",
      "Pensacola International Airport",
      "airport in pensacola",
      "KPNS"
    ]
  },
  {
    "value": "Willesden",
    "synonyms": [
      "Willesden"
    ]
  },
  {
    "value": "Denver International Airport",
    "synonyms": [
      "DEN",
      "Denver International Airport",
      "KDEN"
    ]
  },
  {
    "value": "Ayase Station",
    "synonyms": [
      "Ayase Station"
    ]
  },
  {
    "value": "London Victoria Station",
    "synonyms": [
      "London Victoria Station"
    ]
  },
  {
    "value": "Fujisawa Station",
    "synonyms": [
      "Fujisawa Station"
    ]
  },
  {
    "value": "Stroud Green",
    "synonyms": [
      "Stroud Green"
    ]
  },
  {
    "value": "West Heath",
    "synonyms": [
      "West Heath"
    ]
  },
  {
    "value": "South Kensington",
    "synonyms": [
      "South Kensington"
    ]
  },
  {
    "value": "West Hendon",
    "synonyms": [
      "West Hendon"
    ]
  },
  {
    "value": "Clapham Junction Station",
    "synonyms": [
      "Clapham Junction Station"
    ]
  },
  {
    "value": "Kamata Station",
    "synonyms": [
      "Kamata Station"
    ]
  },
  {
    "value": "Meguro Station",
    "synonyms": [
      "Meguro Station"
    ]
  },
  {
    "value": "Upper Clapton",
    "synonyms": [
      "Upper Clapton"
    ]
  },
  {
    "value": "Amsterdam Airport Schiphol",
    "synonyms": [
      "AMS",
      "EHAM",
      "Amsterdam Schiphol Airport"
    ]
  },
  {
    "value": "Reading Station",
    "synonyms": [
      "Reading Station"
    ]
  },
  {
    "value": "Wanstead",
    "synonyms": [
      "Wanstead"
    ]
  },
  {
    "value": "Swiss Cottage",
    "synonyms": [
      "Swiss Cottage"
    ]
  },
  {
    "value": "Zurich Hauptbahnhof",
    "synonyms": [
      "Zurich Hauptbahnhof"
    ]
  },
  {
    "value": "San Antonio International Airport",
    "synonyms": [
      "FRI",
      "San Antonio International Airport"
    ]
  },
  {
    "value": "William P. Hobby Airport",
    "synonyms": [
      "HOU",
      "William P. Hobby Airport"
    ]
  },
  {
    "value": "Exeter International Airport",
    "synonyms": [
      "EXT",
      "Exeter International Airport",
      "Exeter airport"
    ]
  },
  {
    "value": "Upper Norwood",
    "synonyms": [
      "Upper Norwood"
    ]
  },
  {
    "value": "West Wickham",
    "synonyms": [
      "West Wickham"
    ]
  },
  {
    "value": "Woolwich",
    "synonyms": [
      "Woolwich"
    ]
  },
  {
    "value": "Chhatrapati Shivaji Terminus",
    "synonyms": [
      "Chhatrapati Shivaji Terminus"
    ]
  },
  {
    "value": "Upton Park",
    "synonyms": [
      "Upton Park"
    ]
  },
  {
    "value": "St Margarets",
    "synonyms": [
      "St Margarets"
    ]
  },
  {
    "value": "Jakarta Kota Station",
    "synonyms": [
      "Jakarta Kota Station"
    ]
  },
  {
    "value": "Buffalo Niagara International Airport",
    "synonyms": [
      "BUF",
      "Buffalo Niagara International Airport",
      "Buffalo Niagara Airport"
    ]
  },
  {
    "value": "Minneapolis-Saint Paul International Airport",
    "synonyms": [
      "MSP",
      "Minneapolis-Saint Paul International Airport",
      "KMSP",
      "Minneapolis Saint Paul International Airport",
      "Minneapolis St Paul International Airport",
      "Minneapolis Saint Paul Airport",
      "Minneapolis St Paul Airport",
      "Minneapolis International Airport",
      "Minneapolis Airport"
    ]
  },
  {
    "value": "Upton",
    "synonyms": [
      "Upton"
    ]
  },
  {
    "value": "Chengdu Shuangliu International Airport",
    "synonyms": [
      "CTU",
      "Chengdu Shuangliu International Airport",
      "ZUUU"
    ]
  },
  {
    "value": "Detroit Metropolitan Wayne County Airport",
    "synonyms": [
      "DTW",
      "Detroit Metropolitan Wayne County Airport",
      "KDTW"
    ]
  },
  {
    "value": "Yangon International Airport",
    "synonyms": [
      "RGN",
      "Yangon International Airport",
      "Yangon Airport"
    ]
  },
  {
    "value": "John Wayne Airport",
    "synonyms": [
      "SNA",
      "John Wayne Airport"
    ]
  },
  {
    "value": "Hamburg Central Station",
    "synonyms": [
      "Hamburg Central Station"
    ]
  },
  {
    "value": "Kansas City International Airport",
    "synonyms": [
      "MCI",
      "Kansas City International Airport",
      "Kansas City Intl Airport",
      "Kansas City Intl"
    ]
  },
  {
    "value": "Kempegowda International Airport",
    "synonyms": [
      "BLR",
      "Bangalore Airport",
      "Bangalore International Airport",
      "Bengaluru Airport",
      "Bengaluru International Airport",
      "Kempegowda International Airport",
      "Kempegowda Airport",
      "VOBL",
      "BLR Airport"
    ]
  },
  {
    "value": "London Paddington Station",
    "synonyms": [
      "London Paddington Station"
    ]
  },
  {
    "value": "Dubai International Airport",
    "synonyms": [
      "DXB",
      "Dubai International Airport",
      "OMDB"
    ]
  },
  {
    "value": "Tsuruhashi Station",
    "synonyms": [
      "Tsuruhashi Station"
    ]
  },
  {
    "value": "Ronald Reagan Washington National Airport",
    "synonyms": [
      "DCA",
      "Ronald Reagan Washington National Airport"
    ]
  },
  {
    "value": "Fresh Pond Road",
    "synonyms": [
      "Fresh Pond Road"
    ]
  },
  {
    "value": "Seoul Incheon International Airport",
    "synonyms": [
      "ICN",
      "Seoul Incheon International Airport",
      "RKSI"
    ]
  },
  {
    "value": "South Hornchurch",
    "synonyms": [
      "South Hornchurch"
    ]
  },
  {
    "value": "Beijing Capital International Airport",
    "synonyms": [
      "PEK",
      "Beijing Capital International Airport",
      "ZBAA"
    ]
  },
  {
    "value": "Sheremetyevo International Airport",
    "synonyms": [
      "SVO",
      "Sheremetyevo International Airport",
      "UUEE",
      "Sheremetyevo Intl"
    ]
  },
  {
    "value": "Shadwell",
    "synonyms": [
      "Shadwell"
    ]
  },
  {
    "value": "Shibuya Station",
    "synonyms": [
      "Shibuya Station"
    ]
  },
  {
    "value": "Kawasaki Station",
    "synonyms": [
      "Kawasaki Station"
    ]
  },
  {
    "value": "Bournemouth airport",
    "synonyms": [
      "BOH",
      "Bournemouth airport",
      "Bournemouth International Airport"
    ]
  },
  {
    "value": "Louis Armstrong New Orleans International Airport",
    "synonyms": [
      "MSY",
      "Louis Armstrong New Orleans International Airport",
      "Louis Armstrong International Airport",
      "New Orleans Louis Armstrong International Airport",
      "New Orleans Armstrong International Airport",
      "New Orleans Armstrong Airport"
    ]
  },
  {
    "value": "Nishi-Funabashi Station",
    "synonyms": [
      "Nishi-Funabashi Station"
    ]
  },
  {
    "value": "Cincinnati/Northern Kentucky International Airport",
    "synonyms": [
      "CVG",
      "Cincinnati/Northern Kentucky International Airport"
    ]
  },
  {
    "value": "Wood Green",
    "synonyms": [
      "Wood Green"
    ]
  },
  {
    "value": "Kuala Lumpur International Airport",
    "synonyms": [
      "KUL",
      "Kuala Lumpur International Airport",
      "WMKK"
    ]
  },
  {
    "value": "Gatwick Airport Station",
    "synonyms": [
      "Gatwick Airport Station"
    ]
  },
  {
    "value": "Sacramento International Airport",
    "synonyms": [
      "SMF",
      "Sacramento International Airport"
    ]
  },
  {
    "value": "Tufnell Park",
    "synonyms": [
      "Tufnell Park"
    ]
  },
  {
    "value": "Guangzhou Baiyun International Airport",
    "synonyms": [
      "CAN",
      "Guangzhou Baiyun International Airport",
      "ZGGG"
    ]
  },
  {
    "value": "West Green",
    "synonyms": [
      "West Green"
    ]
  },
  {
    "value": "Austin–Bergstrom International Airport",
    "synonyms": [
      "AUS",
      "Austin–Bergstrom International Airport",
      "Austin Bergstrom International Airport",
      "Austin–Bergstrom Airport",
      "Austin Bergstrom Airport"
    ]
  },
  {
    "value": "Eppley Airfield",
    "synonyms": [
      "OMA",
      "Eppley Airfield"
    ]
  },
  {
    "value": "George Bush Intercontinental Airport",
    "synonyms": [
      "IAH",
      "George Bush Intercontinental Airport",
      "Bush Intercontinental Airport",
      "Bush Airport",
      "George Bush Airport",
      "KIAH"
    ]
  },
  {
    "value": "Baltimore–Washington International Airport",
    "synonyms": [
      "BWI",
      "Baltimore–Washington International Airport",
      "Baltimore Washington International Airport"
    ]
  },
  {
    "value": "Machida Station",
    "synonyms": [
      "Machida Station"
    ]
  },
  {
    "value": "Singapore Changi Airport",
    "synonyms": [
      "SIN",
      "Singapore Changi Airport",
      "WSSS"
    ]
  },
  {
    "value": "Charlotte Douglas International Airport",
    "synonyms": [
      "CLT",
      "Charlotte Douglas International Airport",
      "KCLT"
    ]
  },
  {
    "value": "St Paul\u0027s Cray",
    "synonyms": [
      "St Paul\u0027s Cray"
    ]
  },
  {
    "value": "London Marylebone Station",
    "synonyms": [
      "London Marylebone Station"
    ]
  },
  {
    "value": "London Euston Station",
    "synonyms": [
      "London Euston Station"
    ]
  },
  {
    "value": "Woodford Green",
    "synonyms": [
      "Woodford Green"
    ]
  },
  {
    "value": "Westminster",
    "synonyms": [
      "Westminster"
    ]
  },
  {
    "value": "Shinbashi Station",
    "synonyms": [
      "Shinbashi Station"
    ]
  },
  {
    "value": "Aberdeen International Airport",
    "synonyms": [
      "ABZ",
      "Aberdeen International",
      "Aberdeen Airport"
    ]
  },
  {
    "value": "Cardiff Airport",
    "synonyms": [
      "CWL",
      "Cardiff airport"
    ]
  },
  {
    "value": "John F. Kennedy International Airport",
    "synonyms": [
      "JFK",
      "John F. Kennedy International Airport",
      "John Kennedy International Airport",
      "John F Kennedy International Airport",
      "John F. Kennedy Airport",
      "John Kennedy Airport",
      "Kennedy International Airport",
      "Kennedy Airport",
      "KJFK"
    ]
  },
  {
    "value": "Glasgow International Airport",
    "synonyms": [
      "GLA",
      "Glasgow International Airport",
      "Glasgow Airport",
      "Abbotsinch Airport",
      "Glasgow Intl Airport"
    ]
  },
  {
    "value": "South Tottenham",
    "synonyms": [
      "South Tottenham"
    ]
  },
  {
    "value": "London Waterloo Station",
    "synonyms": [
      "London Waterloo Station"
    ]
  },
  {
    "value": "Portland International Airport",
    "synonyms": [
      "PDX",
      "Portland International Airport"
    ]
  },
  {
    "value": "Dallas-Fort Worth International Airport",
    "synonyms": [
      "DFW",
      "Dallas-Fort Worth International Airport",
      "Dallas/Fort Worth International Airport",
      "Dallas Fort Worth International Airport",
      "KDFW"
    ]
  },
  {
    "value": "O\u0027Hare International Airport",
    "synonyms": [
      "ORD",
      "O\u0027Hare International Airport",
      "KORD",
      "Chicago O\u0027Hare International Airport",
      "Chicago O Hare International Airport",
      "O\u0027Hare International Airport",
      "O Hare International Airport",
      "Chicago International Airport",
      "Chicago O Hare Airport",
      "o hare airport"
    ]
  },
  {
    "value": "Stockwell",
    "synonyms": [
      "Stockwell"
    ]
  },
  {
    "value": "Yiewsley",
    "synonyms": [
      "Yiewsley"
    ]
  },
  {
    "value": "Tokyo Station",
    "synonyms": [
      "Tokyo Station"
    ]
  },
  {
    "value": "Whetstone",
    "synonyms": [
      "Whetstone"
    ]
  },
  {
    "value": "Yeading",
    "synonyms": [
      "Yeading"
    ]
  },
  {
    "value": "Woodside",
    "synonyms": [
      "Woodside"
    ]
  },
  {
    "value": "Košice International Airport",
    "synonyms": [
      "KSC",
      "Košice International Airport"
    ]
  },
  {
    "value": "London Charing Cross Station",
    "synonyms": [
      "London Charing Cross Station"
    ]
  },
  {
    "value": "Bradley International Airport",
    "synonyms": [
      "BDL",
      "Bradley International Airport"
    ]
  },
  {
    "value": "White City",
    "synonyms": [
      "White City"
    ]
  },
  {
    "value": "Liverpool Central Station",
    "synonyms": [
      "Liverpool Central Station"
    ]
  },
  {
    "value": "Tolworth",
    "synonyms": [
      "Tolworth"
    ]
  },
  {
    "value": "London Heathrow Airport",
    "synonyms": [
      "LHR",
      "London Heathrow Airport",
      "EGLL",
      "Heathrow Airport"
    ]
  },
  {
    "value": "Tokyngton",
    "synonyms": [
      "Tokyngton"
    ]
  },
  {
    "value": "Umeda Station",
    "synonyms": [
      "Umeda Station"
    ]
  }
]