[
  {
    "value": "Porter County Jail and Sheriff\u0027s House",
    "synonyms": [
      "Porter County Jail and Sheriff\u0027s House"
    ]
  },
  {
    "value": "Darien Lake",
    "synonyms": [
      "Darien Lake"
    ]
  },
  {
    "value": "Joyland Amusement Park",
    "synonyms": [
      "Joyland Amusement Park"
    ]
  },
  {
    "value": "TerraZoo Sontra",
    "synonyms": [
      "TerraZoo Sontra"
    ]
  },
  {
    "value": "Van Liew-Suydam House",
    "synonyms": [
      "Van Liew-Suydam House"
    ]
  },
  {
    "value": "Williams Grove Amusement Park",
    "synonyms": [
      "Williams Grove Amusement Park"
    ]
  },
  {
    "value": "Tower of London",
    "synonyms": [
      "Tower of London"
    ]
  },
  {
    "value": "Automotive Hall of Fame",
    "synonyms": [
      "Automotive Hall of Fame"
    ]
  },
  {
    "value": "Cougar Mountain Zoo",
    "synonyms": [
      "Cougar Mountain Zoo"
    ]
  },
  {
    "value": "San Vittore Bell Tower",
    "synonyms": [
      "San Vittore Bell Tower"
    ]
  },
  {
    "value": "Pocatello Zoo",
    "synonyms": [
      "Pocatello Zoo"
    ]
  },
  {
    "value": "Cliff\u0027s Amusement Park",
    "synonyms": [
      "Cliff\u0027s Amusement Park"
    ]
  },
  {
    "value": "International Tennis Hall of Fame",
    "synonyms": [
      "International Tennis Hall of Fame"
    ]
  },
  {
    "value": "Honolulu Zoo",
    "synonyms": [
      "Honolulu Zoo"
    ]
  },
  {
    "value": "State Fair, Indiana",
    "synonyms": [
      "State Fair, Indiana",
      "state fair in indiana"
    ]
  },
  {
    "value": "Danson House",
    "synonyms": [
      "Danson House"
    ]
  },
  {
    "value": "Trevi Fountain",
    "synonyms": [
      "Trevi Fountain",
      "Fontana di Trevi",
      "Trevi Fontain"
    ]
  },
  {
    "value": "Riverside Park and Zoo",
    "synonyms": [
      "Riverside Park and Zoo"
    ]
  },
  {
    "value": "Buffalo Zoo",
    "synonyms": [
      "Buffalo Zoo"
    ]
  },
  {
    "value": "Peoria Zoo",
    "synonyms": [
      "Peoria Zoo"
    ]
  },
  {
    "value": "Phillips Park Zoo",
    "synonyms": [
      "Phillips Park Zoo"
    ]
  },
  {
    "value": "Cedar Falls Ice House",
    "synonyms": [
      "Cedar Falls Ice House"
    ]
  },
  {
    "value": "Como Park Zoo and Conservatory",
    "synonyms": [
      "Como Park Zoo and Conservatory"
    ]
  },
  {
    "value": "Abilene Zoological Gardens",
    "synonyms": [
      "Abilene Zoological Gardens"
    ]
  },
  {
    "value": "National Aviation Hall of Fame",
    "synonyms": [
      "National Aviation Hall of Fame"
    ]
  },
  {
    "value": "Mesker Park Zoo and Botanic Garden",
    "synonyms": [
      "Mesker Park Zoo and Botanic Garden"
    ]
  },
  {
    "value": "Louisville Zoo",
    "synonyms": [
      "Louisville Zoo"
    ]
  },
  {
    "value": "John Ball Zoological Garden",
    "synonyms": [
      "John Ball Zoological Garden"
    ]
  },
  {
    "value": "Children\u0027s Zoo at Celebration Square",
    "synonyms": [
      "Children\u0027s Zoo at Celebration Square"
    ]
  },
  {
    "value": "Elmwood Park Zoo",
    "synonyms": [
      "Elmwood Park Zoo"
    ]
  },
  {
    "value": "Pana\u0027ewa Rainforest Zoo",
    "synonyms": [
      "Pana\u0027ewa Rainforest Zoo"
    ]
  },
  {
    "value": "Happy Hollow Park \u0026 Zoo",
    "synonyms": [
      "Happy Hollow Park \u0026 Zoo"
    ]
  },
  {
    "value": "Cleveland Metroparks Zoo",
    "synonyms": [
      "Cleveland Metroparks Zoo"
    ]
  },
  {
    "value": "Old Market House",
    "synonyms": [
      "Old Market House"
    ]
  },
  {
    "value": "Boston Aquarial and Zoological Gardens",
    "synonyms": [
      "Boston Aquarial and Zoological Gardens"
    ]
  },
  {
    "value": "Splash Down Waterpark",
    "synonyms": [
      "Splash Down Waterpark"
    ]
  },
  {
    "value": "Kensington Palace",
    "synonyms": [
      "Kensington Palace"
    ]
  },
  {
    "value": "Motorcycle Hall of Fame",
    "synonyms": [
      "Motorcycle Hall of Fame"
    ]
  },
  {
    "value": "Moffatt-Ladd House",
    "synonyms": [
      "Moffatt-Ladd House"
    ]
  },
  {
    "value": "Library of Congress",
    "synonyms": [
      "Library of Congress",
      "Congress Library"
    ]
  },
  {
    "value": "Montana Cowboy Hall of Fame",
    "synonyms": [
      "Montana Cowboy Hall of Fame"
    ]
  },
  {
    "value": "Sea Life London Aquarium",
    "synonyms": [
      "Sea Life London Aquarium"
    ]
  },
  {
    "value": "Queen City Pool and Pool House",
    "synonyms": [
      "Queen City Pool and Pool House"
    ]
  },
  {
    "value": "Cape May County Park \u0026 Zoo",
    "synonyms": [
      "Cape May County Park \u0026 Zoo"
    ]
  },
  {
    "value": "Clarence House",
    "synonyms": [
      "Clarence House"
    ]
  },
  {
    "value": "Red Square",
    "synonyms": [
      "Red Square"
    ]
  },
  {
    "value": "Alabama Gulf Coast Zoo",
    "synonyms": [
      "Alabama Gulf Coast Zoo"
    ]
  },
  {
    "value": "Kenwood House",
    "synonyms": [
      "Kenwood House"
    ]
  },
  {
    "value": "Albuquerque Aquarium",
    "synonyms": [
      "Albuquerque Aquarium"
    ]
  },
  {
    "value": "Maritime Aquarium at Norwalk",
    "synonyms": [
      "Maritime Aquarium at Norwalk"
    ]
  },
  {
    "value": "Dallas World Aquarium",
    "synonyms": [
      "Dallas World Aquarium"
    ]
  },
  {
    "value": "David Traylor Zoo of Emporia",
    "synonyms": [
      "David Traylor Zoo of Emporia"
    ]
  },
  {
    "value": "Lincoln Memorial",
    "synonyms": [
      "Lincoln Memorial"
    ]
  },
  {
    "value": "Riverbanks Zoo",
    "synonyms": [
      "Riverbanks Zoo"
    ]
  },
  {
    "value": "Molly Brown House",
    "synonyms": [
      "Molly Brown House"
    ]
  },
  {
    "value": "Cabrillo Marine Aquarium",
    "synonyms": [
      "Cabrillo Marine Aquarium"
    ]
  },
  {
    "value": "Cascade Park",
    "synonyms": [
      "Cascade Park"
    ]
  },
  {
    "value": "Palm Beach Zoo",
    "synonyms": [
      "Palm Beach Zoo"
    ]
  },
  {
    "value": "Statue of Liberty",
    "synonyms": [
      "Statue of Liberty",
      "Statue of Liberty National Monument"
    ]
  },
  {
    "value": "Chiswick House",
    "synonyms": [
      "Chiswick House"
    ]
  },
  {
    "value": "Hutchinson Zoo",
    "synonyms": [
      "Hutchinson Zoo"
    ]
  },
  {
    "value": "Bear Branch Nature Center",
    "synonyms": [
      "Bear Branch Nature Center"
    ]
  },
  {
    "value": "Oceans Aquarium Research \u0026 Science Center",
    "synonyms": [
      "Oceans Aquarium Research \u0026 Science Center"
    ]
  },
  {
    "value": "Western North Carolina Nature Center",
    "synonyms": [
      "Western North Carolina Nature Center"
    ]
  },
  {
    "value": "Miller Park Zoo",
    "synonyms": [
      "Miller Park Zoo"
    ]
  },
  {
    "value": "Judge Samuel Holten House",
    "synonyms": [
      "Judge Samuel Holten House"
    ]
  },
  {
    "value": "Smithsonian National Zoological Park",
    "synonyms": [
      "Smithsonian National Zoological Park"
    ]
  },
  {
    "value": "Dr Sun Yat-Sen Garden",
    "synonyms": [
      "Dr Sun Yat-Sen Garden"
    ]
  },
  {
    "value": "Berliner Aquarium Unter den Linden",
    "synonyms": [
      "Berliner Aquarium Unter den Linden"
    ]
  },
  {
    "value": "ME\u0027s Zoo",
    "synonyms": [
      "ME\u0027s Zoo"
    ]
  },
  {
    "value": "Los Angeles Zoo",
    "synonyms": [
      "Los Angeles Zoo"
    ]
  },
  {
    "value": "Marble Hill House",
    "synonyms": [
      "Marble Hill House"
    ]
  },
  {
    "value": "Jackson Zoo",
    "synonyms": [
      "Jackson Zoo"
    ]
  },
  {
    "value": "White House",
    "synonyms": [
      "White House"
    ]
  },
  {
    "value": "Times Square",
    "synonyms": [
      "Times Square"
    ]
  },
  {
    "value": "Washington Park Zoo",
    "synonyms": [
      "Washington Park Zoo"
    ]
  },
  {
    "value": "Eastbury Manor House",
    "synonyms": [
      "Eastbury Manor House"
    ]
  },
  {
    "value": "Akron Zoo",
    "synonyms": [
      "Akron Zoo"
    ]
  },
  {
    "value": "Duff House",
    "synonyms": [
      "Duff House"
    ]
  },
  {
    "value": "Wagner–Ritter House \u0026 Garden",
    "synonyms": [
      "Wagner–Ritter House \u0026 Garden"
    ]
  },
  {
    "value": "Jacksonville Zoo and Gardens",
    "synonyms": [
      "Jacksonville Zoo and Gardens"
    ]
  },
  {
    "value": "Point Defiance Zoo \u0026 Aquarium",
    "synonyms": [
      "Point Defiance Zoo \u0026 Aquarium"
    ]
  },
  {
    "value": "Seneca Park Zoo",
    "synonyms": [
      "Seneca Park Zoo"
    ]
  },
  {
    "value": "Wild Kingdom Train Zoo",
    "synonyms": [
      "Wild Kingdom Train Zoo"
    ]
  },
  {
    "value": "Glick-Sower House",
    "synonyms": [
      "Glick-Sower House"
    ]
  },
  {
    "value": "Bowcraft Amusement Park",
    "synonyms": [
      "Bowcraft Amusement Park"
    ]
  },
  {
    "value": "Greenville Zoo",
    "synonyms": [
      "Greenville Zoo"
    ]
  },
  {
    "value": "Levi Coffin House",
    "synonyms": [
      "Levi Coffin House"
    ]
  },
  {
    "value": "Central Florida Zoo and Botanical Gardens",
    "synonyms": [
      "Central Florida Zoo and Botanical Gardens"
    ]
  },
  {
    "value": "Tulsa Zoo",
    "synonyms": [
      "Tulsa Zoo"
    ]
  },
  {
    "value": "Thomas Edison House",
    "synonyms": [
      "Thomas Edison House"
    ]
  },
  {
    "value": "Ham House",
    "synonyms": [
      "Ham House"
    ]
  },
  {
    "value": "Oxbow Park and Zollman Zoo",
    "synonyms": [
      "Oxbow Park and Zollman Zoo"
    ]
  },
  {
    "value": "Charles L. Shrewsbury House",
    "synonyms": [
      "Charles L. Shrewsbury House"
    ]
  },
  {
    "value": "Roger Williams Park Zoo",
    "synonyms": [
      "Roger Williams Park Zoo"
    ]
  },
  {
    "value": "The Zoo In Forest Park",
    "synonyms": [
      "The Zoo In Forest Park"
    ]
  },
  {
    "value": "Living Desert Zoo and Gardens",
    "synonyms": [
      "Living Desert Zoo and Gardens"
    ]
  },
  {
    "value": "Children\u0027s Aquarium at Fair Park",
    "synonyms": [
      "Children\u0027s Aquarium at Fair Park"
    ]
  },
  {
    "value": "Yankee Stadium",
    "synonyms": [
      "Yankee Stadium"
    ]
  },
  {
    "value": "Lupa Zoo",
    "synonyms": [
      "Lupa Zoo"
    ]
  },
  {
    "value": "Carowinds",
    "synonyms": [
      "Carowinds",
      "Charlotte Amusement Park and Water Park"
    ]
  },
  {
    "value": "Southern Nevada Zoological-Botanical Park",
    "synonyms": [
      "Southern Nevada Zoological-Botanical Park"
    ]
  },
  {
    "value": "Triangle Metro Zoo",
    "synonyms": [
      "Triangle Metro Zoo"
    ]
  },
  {
    "value": "Alexandria Zoological Park",
    "synonyms": [
      "Alexandria Zoological Park"
    ]
  },
  {
    "value": "Lincoln Park Zoo",
    "synonyms": [
      "Lincoln Park Zoo"
    ]
  },
  {
    "value": "CN Tower",
    "synonyms": [
      "CN Tower",
      "Canadian National Tower",
      "Canada s National Tower",
      "Canada National Tower",
      "National Tower of Canada",
      "Toronto s CN Tower",
      "Toronto s C N Tower",
      "CN Tower",
      "C N Tower"
    ]
  },
  {
    "value": "New York Aquarium",
    "synonyms": [
      "New York Aquarium"
    ]
  },
  {
    "value": "Sierra Safari Zoo",
    "synonyms": [
      "Sierra Safari Zoo"
    ]
  },
  {
    "value": "Sutton House",
    "synonyms": [
      "Sutton House"
    ]
  },
  {
    "value": "Alabama Music Hall of Fame",
    "synonyms": [
      "Alabama Music Hall of Fame"
    ]
  },
  {
    "value": "Linley Sambourne House",
    "synonyms": [
      "Linley Sambourne House"
    ]
  },
  {
    "value": "Knoxville Zoo",
    "synonyms": [
      "Knoxville Zoo"
    ]
  },
  {
    "value": "Albuquerque Biological Park",
    "synonyms": [
      "Albuquerque Biological Park",
      "Albuquerque BioPark"
    ]
  },
  {
    "value": "LeSourdesville Lake Amusement Park",
    "synonyms": [
      "LeSourdesville Lake Amusement Park"
    ]
  },
  {
    "value": "Playland-Not-At-The-Beach",
    "synonyms": [
      "Playland-Not-At-The-Beach"
    ]
  },
  {
    "value": "Mill Mountain Zoo",
    "synonyms": [
      "Mill Mountain Zoo"
    ]
  },
  {
    "value": "Dakota Zoo",
    "synonyms": [
      "Dakota Zoo"
    ]
  },
  {
    "value": "Stone Zoo",
    "synonyms": [
      "Stone Zoo"
    ]
  },
  {
    "value": "Downtown Aquarium, Denver",
    "synonyms": [
      "Downtown Aquarium, Denver"
    ]
  },
  {
    "value": "Cincinnati Zoo and Botanical Garden",
    "synonyms": [
      "Cincinnati Zoo and Botanical Garden"
    ]
  },
  {
    "value": "Downtown Aquarium, Houston",
    "synonyms": [
      "Downtown Aquarium, Houston"
    ]
  },
  {
    "value": "Columbian Park Zoo",
    "synonyms": [
      "Columbian Park Zoo"
    ]
  },
  {
    "value": "Dr. Johnson\u0027s House",
    "synonyms": [
      "Dr. Johnson\u0027s House"
    ]
  },
  {
    "value": "Wedgewood Village Amusement Park",
    "synonyms": [
      "Wedgewood Village Amusement Park"
    ]
  },
  {
    "value": "Kew Palace",
    "synonyms": [
      "Kew Palace"
    ]
  },
  {
    "value": "Fulham Palace",
    "synonyms": [
      "Fulham Palace"
    ]
  },
  {
    "value": "Mystic Aquarium \u0026 Institute for Exploration",
    "synonyms": [
      "Mystic Aquarium \u0026 Institute for Exploration"
    ]
  },
  {
    "value": "Buckingham Palace",
    "synonyms": [
      "Buckingham Palace"
    ]
  },
  {
    "value": "Fresno Chaffee Zoo",
    "synonyms": [
      "Fresno Chaffee Zoo"
    ]
  },
  {
    "value": "United States Capitol",
    "synonyms": [
      "United States Capitol",
      "US Capitol",
      "Capitol"
    ]
  },
  {
    "value": "The Maryland Zoo",
    "synonyms": [
      "The Maryland Zoo"
    ]
  },
  {
    "value": "Binder Park Zoo",
    "synonyms": [
      "Binder Park Zoo"
    ]
  },
  {
    "value": "DelGrosso\u0027s Amusement Park",
    "synonyms": [
      "DelGrosso\u0027s Amusement Park"
    ]
  },
  {
    "value": "Denver Zoo",
    "synonyms": [
      "Denver Zoo"
    ]
  },
  {
    "value": "Turtle Back Zoo",
    "synonyms": [
      "Turtle Back Zoo"
    ]
  },
  {
    "value": "St.Patrick\u0027s Cathedral",
    "synonyms": [
      "St Patrick s Cathedral",
      "St Patrick Cathedral",
      "Cathedral of St Patrick"
    ]
  },
  {
    "value": "Crealy Great Adventure Parks",
    "synonyms": [
      "Crealy Great Adventure Parks"
    ]
  },
  {
    "value": "Willis Tower",
    "synonyms": [
      "Willis Tower"
    ]
  },
  {
    "value": "SEA LIFE Minnesota Aquarium",
    "synonyms": [
      "SEA LIFE Minnesota Aquarium"
    ]
  },
  {
    "value": "Springlake Amusement Park",
    "synonyms": [
      "Springlake Amusement Park"
    ]
  },
  {
    "value": "Little Rock Zoo",
    "synonyms": [
      "Little Rock Zoo"
    ]
  },
  {
    "value": "Collins Zoo",
    "synonyms": [
      "Collins Zoo"
    ]
  },
  {
    "value": "Empire State Building",
    "synonyms": [
      "Empire State Building"
    ]
  },
  {
    "value": "Lakeside Amusement Park",
    "synonyms": [
      "Lakeside Amusement Park"
    ]
  },
  {
    "value": "Santa Barbara Zoo",
    "synonyms": [
      "Santa Barbara Zoo"
    ]
  },
  {
    "value": "Coliseum",
    "synonyms": [
      "Coliseum"
    ]
  },
  {
    "value": "Dole-Little House",
    "synonyms": [
      "Dole-Little House"
    ]
  },
  {
    "value": "Frank Buck Zoo",
    "synonyms": [
      "Frank Buck Zoo"
    ]
  },
  {
    "value": "Pittsburgh Zoo \u0026 PPG Aquarium",
    "synonyms": [
      "Pittsburgh Zoo \u0026 PPG Aquarium"
    ]
  },
  {
    "value": "Daniel R. Bigelow House",
    "synonyms": [
      "Daniel R. Bigelow House"
    ]
  },
  {
    "value": "Great Plains Zoo",
    "synonyms": [
      "Great Plains Zoo"
    ]
  },
  {
    "value": "Dickerson Park Zoo",
    "synonyms": [
      "Dickerson Park Zoo"
    ]
  },
  {
    "value": "Port Mercer Canal House",
    "synonyms": [
      "Port Mercer Canal House"
    ]
  },
  {
    "value": "South Union Shaker Center House and Preservatory",
    "synonyms": [
      "South Union Shaker Center House and Preservatory"
    ]
  },
  {
    "value": "Westminster Abbey",
    "synonyms": [
      "Westminster Abbey"
    ]
  },
  {
    "value": "Caln Meeting House",
    "synonyms": [
      "Caln Meeting House"
    ]
  },
  {
    "value": "Henry Vilas Zoo",
    "synonyms": [
      "Henry Vilas Zoo"
    ]
  },
  {
    "value": "Winslow Crocker House",
    "synonyms": [
      "Winslow Crocker House"
    ]
  },
  {
    "value": "Joel Lane House",
    "synonyms": [
      "Joel Lane House"
    ]
  },
  {
    "value": "Queens Zoo",
    "synonyms": [
      "Queens Zoo"
    ]
  },
  {
    "value": "Gillians Wonderland Pier and Island Waterpark",
    "synonyms": [
      "Gillians Wonderland Pier and Island Waterpark"
    ]
  },
  {
    "value": "Como Zoo",
    "synonyms": [
      "Como Zoo"
    ]
  },
  {
    "value": "Texas State Aquarium",
    "synonyms": [
      "Texas State Aquarium"
    ]
  },
  {
    "value": "Fort Worth Zoo",
    "synonyms": [
      "Fort Worth Zoo"
    ]
  },
  {
    "value": "Belle Isle Aquarium",
    "synonyms": [
      "Belle Isle Aquarium"
    ]
  },
  {
    "value": "Stamford Museum \u0026 Nature Center",
    "synonyms": [
      "Stamford Museum \u0026 Nature Center"
    ]
  },
  {
    "value": "Land of Make Believe",
    "synonyms": [
      "Land of Make Believe"
    ]
  },
  {
    "value": "Washington National Cathedral",
    "synonyms": [
      "Washington National Cathedral",
      "National Cathedral"
    ]
  },
  {
    "value": "World Golf Hall of Fame",
    "synonyms": [
      "World Golf Hall of Fame"
    ]
  },
  {
    "value": "The Living Planet Aquarium",
    "synonyms": [
      "The Living Planet Aquarium"
    ]
  },
  {
    "value": "Oakland Zoo",
    "synonyms": [
      "Oakland Zoo"
    ]
  },
  {
    "value": "Alabama Stage and Screen Hall of Fame",
    "synonyms": [
      "Alabama Stage and Screen Hall of Fame"
    ]
  },
  {
    "value": "Carlyle\u0027s House",
    "synonyms": [
      "Carlyle\u0027s House"
    ]
  },
  {
    "value": "Space Farms Zoo and Museum",
    "synonyms": [
      "Space Farms Zoo and Museum"
    ]
  },
  {
    "value": "Croydon Water Palace",
    "synonyms": [
      "Croydon Water Palace"
    ]
  },
  {
    "value": "Dallas Zoo",
    "synonyms": [
      "Dallas Zoo"
    ]
  },
  {
    "value": "Quassy Amusement Park",
    "synonyms": [
      "Quassy Amusement Park"
    ]
  },
  {
    "value": "National Mall",
    "synonyms": [
      "National Mall"
    ]
  },
  {
    "value": "Royal Palace of Madrid",
    "synonyms": [
      "Royal Palace of MAdrid"
    ]
  },
  {
    "value": "Monterey Bay Aquarium",
    "synonyms": [
      "Monterey Bay Aquarium"
    ]
  },
  {
    "value": "Blank Park Zoo",
    "synonyms": [
      "Blank Park Zoo"
    ]
  },
  {
    "value": "Disneyland",
    "synonyms": [
      "Disneyland",
      "Disney land",
      "Disneyland Resort",
      "Disney land Resort",
      "downtown disney orlando"
    ]
  },
  {
    "value": "Houston Zoo",
    "synonyms": [
      "Houston Zoo"
    ]
  },
  {
    "value": "Portland Aquarium",
    "synonyms": [
      "Portland Aquarium"
    ]
  },
  {
    "value": "Columbus Zoo and Aquarium",
    "synonyms": [
      "Columbus Zoo and Aquarium"
    ]
  },
  {
    "value": "Adventure Aquarium",
    "synonyms": [
      "Adventure Aquarium"
    ]
  },
  {
    "value": "Palace Playland",
    "synonyms": [
      "Palace Playland"
    ]
  },
  {
    "value": "Salisbury Zoo",
    "synonyms": [
      "Salisbury Zoo"
    ]
  },
  {
    "value": "Montgomery Zoo",
    "synonyms": [
      "Montgomery Zoo"
    ]
  },
  {
    "value": "Tennessee Aquarium",
    "synonyms": [
      "Tennessee Aquarium"
    ]
  },
  {
    "value": "Detroit Zoo",
    "synonyms": [
      "Detroit Zoo"
    ]
  },
  {
    "value": "National Band Association Hall of Fame of Distinguished Band Conductors",
    "synonyms": [
      "National Band Association Hall of Fame of Distinguished Band Conductors"
    ]
  },
  {
    "value": "Rosamond Gifford Zoo",
    "synonyms": [
      "Rosamond Gifford Zoo"
    ]
  },
  {
    "value": "Capt. Edward Durant House",
    "synonyms": [
      "Capt. Edward Durant House"
    ]
  },
  {
    "value": "National Zoological Park",
    "synonyms": [
      "National Zoological Park"
    ]
  },
  {
    "value": "Noble County Sheriff\u0027s House and Jail",
    "synonyms": [
      "Noble County Sheriff\u0027s House and Jail"
    ]
  },
  {
    "value": "Benjamin Franklin House",
    "synonyms": [
      "Benjamin Franklin House"
    ]
  },
  {
    "value": "Buck Owens Crystal Palace",
    "synonyms": [
      "Buck Owens Crystal Palace"
    ]
  },
  {
    "value": "Caldwell Zoo",
    "synonyms": [
      "Caldwell Zoo"
    ]
  },
  {
    "value": "Oklahoma City Zoo and Botanical Garden",
    "synonyms": [
      "Oklahoma City Zoo and Botanical Garden"
    ]
  },
  {
    "value": "National Aquarium in Baltimore",
    "synonyms": [
      "National Aquarium in Baltimore"
    ]
  },
  {
    "value": "Northeastern Wisconsin Zoo",
    "synonyms": [
      "Northeastern Wisconsin Zoo"
    ]
  },
  {
    "value": "Beauchamp-Newman House",
    "synonyms": [
      "Beauchamp-Newman House"
    ]
  },
  {
    "value": "New Jersey State House",
    "synonyms": [
      "New Jersey State House"
    ]
  },
  {
    "value": "Philip L. Wright Zoological Museum",
    "synonyms": [
      "Philip L. Wright Zoological Museum"
    ]
  },
  {
    "value": "Reston Zoo",
    "synonyms": [
      "Reston Zoo"
    ]
  },
  {
    "value": "Scovill Zoo",
    "synonyms": [
      "Scovill Zoo"
    ]
  },
  {
    "value": "Nauvoo House",
    "synonyms": [
      "Nauvoo House"
    ]
  },
  {
    "value": "Audubon Zoo",
    "synonyms": [
      "Audubon Zoo"
    ]
  },
  {
    "value": "Dennis Severs\u0027 House",
    "synonyms": [
      "Dennis Severs\u0027 House"
    ]
  },
  {
    "value": "Brean leisure park",
    "synonyms": [
      "Brean leisure park"
    ]
  },
  {
    "value": "Seattle Aquarium",
    "synonyms": [
      "Seattle Aquarium"
    ]
  },
  {
    "value": "Sequoia Park Zoo",
    "synonyms": [
      "Sequoia Park Zoo"
    ]
  },
  {
    "value": "Southwick\u0027s Zoo",
    "synonyms": [
      "Southwick\u0027s Zoo"
    ]
  },
  {
    "value": "Greater Cleveland Aquarium",
    "synonyms": [
      "Greater Cleveland Aquarium"
    ]
  },
  {
    "value": "Ohio State Reformatory",
    "synonyms": [
      "Ohio State Reformatory"
    ]
  },
  {
    "value": "Cedar Point Amusement Park",
    "synonyms": [
      "Cedar Point Amusement Park"
    ]
  },
  {
    "value": "Mercer House",
    "synonyms": [
      "Mercer House"
    ]
  },
  {
    "value": "San Antonio Zoo and Aquarium",
    "synonyms": [
      "San Antonio Zoo and Aquarium"
    ]
  },
  {
    "value": "Red House",
    "synonyms": [
      "Red House"
    ]
  },
  {
    "value": "Museum of Vertebrate Zoology",
    "synonyms": [
      "Museum of Vertebrate Zoology"
    ]
  },
  {
    "value": "Micke Grove Zoo",
    "synonyms": [
      "Micke Grove Zoo"
    ]
  },
  {
    "value": "SeaWorld",
    "synonyms": [
      "Sea World",
      "SeaWorld"
    ]
  },
  {
    "value": "Long Island Aquarium and Exhibition Center",
    "synonyms": [
      "Long Island Aquarium and Exhibition Center"
    ]
  },
  {
    "value": "Gulf Breeze Zoo",
    "synonyms": [
      "Gulf Breeze Zoo"
    ]
  },
  {
    "value": "Ponce de Leon amusement park",
    "synonyms": [
      "Ponce de Leon amusement park"
    ]
  },
  {
    "value": "St. Peter\u0027s Basilica",
    "synonyms": [
      "St. Peter\u0027s Basilica"
    ]
  },
  {
    "value": "Butterfly House",
    "synonyms": [
      "Butterfly House"
    ]
  },
  {
    "value": "Chahinkapa Zoo",
    "synonyms": [
      "Chahinkapa Zoo"
    ]
  },
  {
    "value": "History House of Greater Seattle",
    "synonyms": [
      "History House of Greater Seattle"
    ]
  },
  {
    "value": "Hall of State",
    "synonyms": [
      "Hall of State"
    ]
  },
  {
    "value": "Berlin Zoological Garden",
    "synonyms": [
      "Berlin Zoological Garden"
    ]
  },
  {
    "value": "Virginia Aquarium",
    "synonyms": [
      "Virginia Aquarium"
    ]
  },
  {
    "value": "Niabi Zoo",
    "synonyms": [
      "Niabi Zoo"
    ]
  },
  {
    "value": "TeenWolfLand",
    "synonyms": [
      "TeenWolfLand",
      "Teen Wolf Land"
    ]
  },
  {
    "value": "Lowry Park Zoo",
    "synonyms": [
      "Lowry Park Zoo"
    ]
  },
  {
    "value": "Iowa State Capitol",
    "synonyms": [
      "Iowa State Capitol"
    ]
  },
  {
    "value": "Potawatomi Zoo",
    "synonyms": [
      "Potawatomi Zoo"
    ]
  },
  {
    "value": "Roosevelt Park Zoo",
    "synonyms": [
      "Roosevelt Park Zoo"
    ]
  },
  {
    "value": "Maria Mitchell Aquarium",
    "synonyms": [
      "Maria Mitchell Aquarium"
    ]
  },
  {
    "value": "Blue diamond park",
    "synonyms": [
      "Blue diamond park",
      "blue diamond amusement park"
    ]
  },
  {
    "value": "Popcorn Park Zoo",
    "synonyms": [
      "Popcorn Park Zoo"
    ]
  },
  {
    "value": "Big Ben",
    "synonyms": [
      "Big Ben"
    ]
  },
  {
    "value": "Clifton House",
    "synonyms": [
      "Clifton House"
    ]
  },
  {
    "value": "Central Park Zoo",
    "synonyms": [
      "Central Park Zoo"
    ]
  },
  {
    "value": "Flint Ridge State Memorial",
    "synonyms": [
      "Flint Ridge State Memorial"
    ]
  },
  {
    "value": "Abram Gaar House and Farm",
    "synonyms": [
      "Abram Gaar House and Farm"
    ]
  },
  {
    "value": "Delaware Memorial Bridge Southbound",
    "synonyms": [
      "Delaware Memorial Bridge Southbound",
      "Delaware Bridge Southbound"
    ]
  },
  {
    "value": "Naples Zoo",
    "synonyms": [
      "Naples Zoo"
    ]
  },
  {
    "value": "Brevard Zoo",
    "synonyms": [
      "Brevard Zoo"
    ]
  },
  {
    "value": "Walt Disney World Resort",
    "synonyms": [
      "Walt Disney World Resort",
      "Walt Disney World",
      "Disney World"
    ]
  },
  {
    "value": "Staten Island Zoo",
    "synonyms": [
      "Staten Island Zoo"
    ]
  },
  {
    "value": "Santa Fe College Teaching Zoo",
    "synonyms": [
      "Santa Fe College Teaching Zoo"
    ]
  },
  {
    "value": "Pueblo Zoo",
    "synonyms": [
      "Pueblo Zoo"
    ]
  },
  {
    "value": "Santa Monica Pier Aquarium",
    "synonyms": [
      "Santa Monica Pier Aquarium"
    ]
  },
  {
    "value": "Racine Zoo",
    "synonyms": [
      "Racine Zoo"
    ]
  },
  {
    "value": "USA Field Hockey Hall of Fame",
    "synonyms": [
      "USA Field Hockey Hall of Fame"
    ]
  },
  {
    "value": "Palace Amusements",
    "synonyms": [
      "Palace Amusements"
    ]
  },
  {
    "value": "A Christmas Story House",
    "synonyms": [
      "A Christmas Story House"
    ]
  },
  {
    "value": "Excelsior Amusement Park",
    "synonyms": [
      "Excelsior Amusement Park"
    ]
  },
  {
    "value": "Easton House",
    "synonyms": [
      "Easton House"
    ]
  },
  {
    "value": "Baton Rouge Zoo",
    "synonyms": [
      "Baton Rouge Zoo"
    ]
  },
  {
    "value": "Down House",
    "synonyms": [
      "Down House"
    ]
  },
  {
    "value": "Binghamton Zoo at Ross Park",
    "synonyms": [
      "Binghamton Zoo at Ross Park"
    ]
  },
  {
    "value": "Golden Gate Bridge",
    "synonyms": [
      "Golden Gate Bridge",
      "ggb"
    ]
  },
  {
    "value": "Woodland Park Zoo",
    "synonyms": [
      "Woodland Park Zoo"
    ]
  },
  {
    "value": "Howard House",
    "synonyms": [
      "Howard House"
    ]
  },
  {
    "value": "Charles Paddock Zoo",
    "synonyms": [
      "Charles Paddock Zoo"
    ]
  },
  {
    "value": "Calvin B. Taylor House",
    "synonyms": [
      "Calvin B. Taylor House"
    ]
  },
  {
    "value": "O.co Coliseum",
    "synonyms": [
      "O.co Coliseum",
      "Oakland Coliseum",
      "Oakland-Alameda County Coliseum",
      "Oakland Alameda County Coliseum",
      "Oakland Alameda Coliseum"
    ]
  },
  {
    "value": "Great Lakes Aquarium",
    "synonyms": [
      "Great Lakes Aquarium"
    ]
  },
  {
    "value": "Leipzig Zoological Garden",
    "synonyms": [
      "Leipzig Zoological Garden"
    ]
  },
  {
    "value": "King Caesar House",
    "synonyms": [
      "King Caesar House"
    ]
  },
  {
    "value": "National Aquarium in Washington, D.C.",
    "synonyms": [
      "National Aquarium in Washington, D.C."
    ]
  },
  {
    "value": "Milwaukee County Zoo",
    "synonyms": [
      "Milwaukee County Zoo"
    ]
  },
  {
    "value": "Great Friends Meeting House",
    "synonyms": [
      "Great Friends Meeting House"
    ]
  },
  {
    "value": "Spencer House",
    "synonyms": [
      "Spencer House"
    ]
  },
  {
    "value": "Lee Richardson Zoo",
    "synonyms": [
      "Lee Richardson Zoo"
    ]
  },
  {
    "value": "Washington Monument",
    "synonyms": [
      "Washington Monument"
    ]
  },
  {
    "value": "Nashville Zoo at Grassmere",
    "synonyms": [
      "Nashville Zoo at Grassmere"
    ]
  },
  {
    "value": "St. Augustine Alligator Farm Zoological Park",
    "synonyms": [
      "St. Augustine Alligator Farm Zoological Park"
    ]
  },
  {
    "value": "Mount Rushmore Memorial",
    "synonyms": [
      "Mount Rushmore Memorial",
      "Mount Rushmore National Memorial",
      "Mount Rushmore"
    ]
  },
  {
    "value": "Bath House Cultural Center",
    "synonyms": [
      "Bath House Cultural Center"
    ]
  },
  {
    "value": "Banqueting House",
    "synonyms": [
      "Banqueting House"
    ]
  },
  {
    "value": "Tupelo Buffalo Park and Zoo",
    "synonyms": [
      "Tupelo Buffalo Park and Zoo"
    ]
  },
  {
    "value": "Arkansas Alligator Farm and Petting Zoo",
    "synonyms": [
      "Arkansas Alligator Farm and Petting Zoo"
    ]
  },
  {
    "value": "Sedgwick County Zoo",
    "synonyms": [
      "Sedgwick County Zoo"
    ]
  },
  {
    "value": "Toledo Zoo",
    "synonyms": [
      "Toledo Zoo"
    ]
  },
  {
    "value": "Drayton Manor theme park",
    "synonyms": [
      "Drayton Manor theme park"
    ]
  },
  {
    "value": "Orange County Zoo",
    "synonyms": [
      "Orange County Zoo"
    ]
  },
  {
    "value": "Strawberry Hill House",
    "synonyms": [
      "Strawberry Hill House"
    ]
  },
  {
    "value": "Henson Robinson Zoo",
    "synonyms": [
      "Henson Robinson Zoo"
    ]
  },
  {
    "value": "Harriet Beecher Stowe House",
    "synonyms": [
      "Harriet Beecher Stowe House"
    ]
  },
  {
    "value": "Hattiesburg Zoo",
    "synonyms": [
      "Hattiesburg Zoo"
    ]
  },
  {
    "value": "Topeka Zoo",
    "synonyms": [
      "Topeka Zoo"
    ]
  },
  {
    "value": "Eden Mill Nature Center",
    "synonyms": [
      "Eden Mill Nature Center"
    ]
  },
  {
    "value": "Indiana Basketball Hall of Fame",
    "synonyms": [
      "Indiana Basketball Hall of Fame"
    ]
  },
  {
    "value": "Alaska Zoo",
    "synonyms": [
      "Alaska Zoo"
    ]
  },
  {
    "value": "Volleyball Hall of Fame",
    "synonyms": [
      "Volleyball Hall of Fame"
    ]
  },
  {
    "value": "Delaware Memorial Bridge",
    "synonyms": [
      "Delaware Memorial Bridge",
      "Delaware Bridge"
    ]
  },
  {
    "value": "Petersen House",
    "synonyms": [
      "Petersen House"
    ]
  },
  {
    "value": "Gerhard Marcks House",
    "synonyms": [
      "Gerhard Marcks House"
    ]
  },
  {
    "value": "Santa\u0027s Village AZoosment Park",
    "synonyms": [
      "Santa\u0027s Village AZoosment Park"
    ]
  },
  {
    "value": "Lehigh Valley Zoo",
    "synonyms": [
      "Lehigh Valley Zoo"
    ]
  },
  {
    "value": "Kansas City Zoo",
    "synonyms": [
      "Kansas City Zoo"
    ]
  },
  {
    "value": "Cosley Zoo",
    "synonyms": [
      "Cosley Zoo"
    ]
  },
  {
    "value": "Sagrada Família",
    "synonyms": [
      "Sagrada Família",
      "Basilica and Expiatory Church of the Holy Family",
      "Sagrada Familia",
      "Basílica i Temple Expiatori de la Sagrada Família"
    ]
  },
  {
    "value": "Bell\u0027s Amusement Park",
    "synonyms": [
      "Bell\u0027s Amusement Park"
    ]
  },
  {
    "value": "Saarbrücker Zoo",
    "synonyms": [
      "Saarbrücker Zoo"
    ]
  },
  {
    "value": "Government House",
    "synonyms": [
      "Government House"
    ]
  },
  {
    "value": "El Paso Zoo",
    "synonyms": [
      "El Paso Zoo"
    ]
  },
  {
    "value": "Hogle Zoo",
    "synonyms": [
      "Hogle Zoo"
    ]
  },
  {
    "value": "Deno\u0027s Wonder Wheel Amusement Park",
    "synonyms": [
      "Deno\u0027s Wonder Wheel Amusement Park"
    ]
  },
  {
    "value": "Marshy Point Nature Center",
    "synonyms": [
      "Marshy Point Nature Center"
    ]
  },
  {
    "value": "Fort Wayne Children\u0027s Zoo",
    "synonyms": [
      "Fort Wayne Children\u0027s Zoo"
    ]
  },
  {
    "value": "Alameda Park Zoo",
    "synonyms": [
      "Alameda Park Zoo"
    ]
  },
  {
    "value": "Constitution Gardens",
    "synonyms": [
      "Constitution Gardens"
    ]
  },
  {
    "value": "Imperial Palace Ingelheim",
    "synonyms": [
      "Imperial Palace Ingelheim"
    ]
  },
  {
    "value": "Franklin Park Zoo",
    "synonyms": [
      "Franklin Park Zoo"
    ]
  },
  {
    "value": "Philadelphia Aquarium",
    "synonyms": [
      "Philadelphia Aquarium"
    ]
  },
  {
    "value": "Potter Park Zoo",
    "synonyms": [
      "Potter Park Zoo"
    ]
  },
  {
    "value": "Bremerhaven Zoo",
    "synonyms": [
      "Bremerhaven Zoo"
    ]
  },
  {
    "value": "Folsom City Zoo Sanctuary",
    "synonyms": [
      "Folsom City Zoo Sanctuary"
    ]
  },
  {
    "value": "Sacramento Zoo",
    "synonyms": [
      "Sacramento Zoo"
    ]
  },
  {
    "value": "Anne Spencer House",
    "synonyms": [
      "Anne Spencer House"
    ]
  },
  {
    "value": "Elephant House",
    "synonyms": [
      "Elephant House"
    ]
  },
  {
    "value": "Great America",
    "synonyms": [
      "Great America",
      "California\u0027s Great America",
      "Great America Amusement Park",
      "Great America Theme Park",
      "CA Great America",
      "California Great America"
    ]
  },
  {
    "value": "Saint Louis Zoo",
    "synonyms": [
      "Saint Louis Zoo"
    ]
  },
  {
    "value": "Contoocook River Amusement Park",
    "synonyms": [
      "Contoocook River Amusement Park"
    ]
  },
  {
    "value": "Fun Spot Amusement Park \u0026 Zoo",
    "synonyms": [
      "Fun Spot Amusement Park \u0026 Zoo"
    ]
  },
  {
    "value": "Palisades Amusement Park",
    "synonyms": [
      "Palisades Amusement Park"
    ]
  },
  {
    "value": "Santa Ana Zoo",
    "synonyms": [
      "Santa Ana Zoo"
    ]
  },
  {
    "value": "Bertrand Island Amusement Park",
    "synonyms": [
      "Bertrand Island Amusement Park"
    ]
  },
  {
    "value": "Roos-n-More Zoo",
    "synonyms": [
      "Roos-n-More Zoo"
    ]
  },
  {
    "value": "Cameron Park Zoo",
    "synonyms": [
      "Cameron Park Zoo"
    ]
  },
  {
    "value": "Ernst Barlach House",
    "synonyms": [
      "Ernst Barlach House"
    ]
  },
  {
    "value": "Catoctin Wildlife Preserve and Zoo",
    "synonyms": [
      "Catoctin Wildlife Preserve and Zoo"
    ]
  },
  {
    "value": "Smithsonian Institution",
    "synonyms": [
      "Smithsonian Institution"
    ]
  },
  {
    "value": "San Diego Zoo",
    "synonyms": [
      "San Diego Zoo"
    ]
  },
  {
    "value": "Kiddieland Amusement Park",
    "synonyms": [
      "Kiddieland Amusement Park"
    ]
  },
  {
    "value": "Eiffel Tower",
    "synonyms": [
      "Eiffel Tower",
      "Tower of Eiffel"
    ]
  },
  {
    "value": "Cheyenne Mountain Zoo",
    "synonyms": [
      "Cheyenne Mountain Zoo"
    ]
  },
  {
    "value": "London Zoo",
    "synonyms": [
      "London Zoo"
    ]
  },
  {
    "value": "Garlyn Zoo",
    "synonyms": [
      "Garlyn Zoo"
    ]
  },
  {
    "value": "Harris Switch Tower",
    "synonyms": [
      "Harris Switch Tower"
    ]
  },
  {
    "value": "Clementon Amusement Park",
    "synonyms": [
      "Clementon Amusement Park"
    ]
  },
  {
    "value": "Capron Park Zoo",
    "synonyms": [
      "Capron Park Zoo"
    ]
  },
  {
    "value": "Cat Tales Zoological Park",
    "synonyms": [
      "Cat Tales Zoological Park"
    ]
  },
  {
    "value": "Gladys Porter Zoo",
    "synonyms": [
      "Gladys Porter Zoo"
    ]
  },
  {
    "value": "Krug Park",
    "synonyms": [
      "Krug Park"
    ]
  },
  {
    "value": "Scribner House",
    "synonyms": [
      "Scribner House"
    ]
  },
  {
    "value": "DeYoung Family Zoo",
    "synonyms": [
      "DeYoung Family Zoo"
    ]
  },
  {
    "value": "Austin Zoo",
    "synonyms": [
      "Austin Zoo"
    ]
  },
  {
    "value": "Edmund Fowle House",
    "synonyms": [
      "Edmund Fowle House"
    ]
  },
  {
    "value": "Seabreeze Amusement Park",
    "synonyms": [
      "Seabreeze Amusement Park"
    ]
  },
  {
    "value": "Heublein Tower",
    "synonyms": [
      "Heublein Tower"
    ]
  },
  {
    "value": "Bramble Park Zoo",
    "synonyms": [
      "Bramble Park Zoo"
    ]
  },
  {
    "value": "Mansion House",
    "synonyms": [
      "Mansion House"
    ]
  },
  {
    "value": "Oaks Amusement Park",
    "synonyms": [
      "Oaks Amusement Park"
    ]
  },
  {
    "value": "International Motorsports Hall of Fame",
    "synonyms": [
      "International Motorsports Hall of Fame"
    ]
  },
  {
    "value": "Red River Zoo",
    "synonyms": [
      "Red River Zoo"
    ]
  },
  {
    "value": "Concord School House",
    "synonyms": [
      "Concord School House"
    ]
  },
  {
    "value": "Syon Park House",
    "synonyms": [
      "Syon Park House"
    ]
  },
  {
    "value": "Brocklebank-Nelson-Beecher House",
    "synonyms": [
      "Brocklebank-Nelson-Beecher House"
    ]
  },
  {
    "value": "Funland Amusement Park",
    "synonyms": [
      "Funland Amusement Park"
    ]
  },
  {
    "value": "Nickerson House",
    "synonyms": [
      "Nickerson House"
    ]
  },
  {
    "value": "Rio Grande Zoo",
    "synonyms": [
      "Rio Grande Zoo"
    ]
  },
  {
    "value": "Rostock Zoo",
    "synonyms": [
      "Rostock Zoo"
    ]
  },
  {
    "value": "Moore House",
    "synonyms": [
      "Moore House"
    ]
  },
  {
    "value": "Phoenix Zoo",
    "synonyms": [
      "Phoenix Zoo"
    ]
  },
  {
    "value": "Birmingham Zoo",
    "synonyms": [
      "Birmingham Zoo"
    ]
  },
  {
    "value": "Buildings of Moscow State University",
    "synonyms": [
      "Buildings of Moscow State University"
    ]
  },
  {
    "value": "Silver Beach Amusement Park",
    "synonyms": [
      "Silver Beach Amusement Park"
    ]
  },
  {
    "value": "Outlook Tower",
    "synonyms": [
      "Outlook Tower"
    ]
  },
  {
    "value": "Ardress House",
    "synonyms": [
      "Ardress House"
    ]
  },
  {
    "value": "Bonelli House",
    "synonyms": [
      "Bonelli House"
    ]
  },
  {
    "value": "Waikiki Aquarium",
    "synonyms": [
      "Waikiki Aquarium"
    ]
  },
  {
    "value": "New England Aquarium",
    "synonyms": [
      "New England Aquarium"
    ]
  },
  {
    "value": "Jenisch House",
    "synonyms": [
      "Jenisch House"
    ]
  },
  {
    "value": "Oklahoma Aquarium",
    "synonyms": [
      "Oklahoma Aquarium"
    ]
  },
  {
    "value": "Erie Zoo",
    "synonyms": [
      "Erie Zoo"
    ]
  },
  {
    "value": "Hampton Court Palace",
    "synonyms": [
      "Hampton Court Palace"
    ]
  },
  {
    "value": "Indianapolis Zoo",
    "synonyms": [
      "Indianapolis Zoo"
    ]
  },
  {
    "value": "Pendleton Round-Up and Happy Canyon Hall of Fame",
    "synonyms": [
      "Pendleton Round-Up and Happy Canyon Hall of Fame"
    ]
  },
  {
    "value": "Fremont Street Experience",
    "synonyms": [
      "Fremont Street Experience"
    ]
  },
  {
    "value": "Banning House",
    "synonyms": [
      "Banning House"
    ]
  },
  {
    "value": "Chattanooga Zoo at Warner Park",
    "synonyms": [
      "Chattanooga Zoo at Warner Park"
    ]
  },
  {
    "value": "Pollok House",
    "synonyms": [
      "Pollok House"
    ]
  },
  {
    "value": "Oregon Coast Aquarium",
    "synonyms": [
      "Oregon Coast Aquarium"
    ]
  },
  {
    "value": "Dragon House",
    "synonyms": [
      "Dragon House"
    ]
  },
  {
    "value": "Metro Richmond Zoo",
    "synonyms": [
      "Metro Richmond Zoo"
    ]
  },
  {
    "value": "San Francisco Zoo",
    "synonyms": [
      "San Francisco Zoo"
    ]
  },
  {
    "value": "The ScareHouse",
    "synonyms": [
      "The ScareHouse"
    ]
  },
  {
    "value": "Brandywine Zoo",
    "synonyms": [
      "Brandywine Zoo"
    ]
  },
  {
    "value": "Brookfield Zoo",
    "synonyms": [
      "Brookfield Zoo"
    ]
  },
  {
    "value": "Buttonwood Park Zoo",
    "synonyms": [
      "Buttonwood Park Zoo"
    ]
  },
  {
    "value": "Bayonne Truck House No. 1",
    "synonyms": [
      "Bayonne Truck House No. 1"
    ]
  },
  {
    "value": "Apsley House",
    "synonyms": [
      "Apsley House"
    ]
  },
  {
    "value": "Shedd Aquarium",
    "synonyms": [
      "Shedd Aquarium"
    ]
  }
]