[
  {
    "id": "79642cff-ba2c-473e-970a-6c148a8028b9",
    "data": [
      {
        "text": "Palaces",
        "alias": "spots",
        "meta": "@spots",
        "userDefined": false
      },
      {
        "text": " in ",
        "userDefined": false
      },
      {
        "text": "Jodhpur",
        "alias": "geo-city",
        "meta": "@sys.geo-city",
        "userDefined": false
      }
    ],
    "isTemplate": false,
    "count": 0,
    "updated": 1521521720
  },
  {
    "id": "54b594d5-2245-479c-8e31-fb1e35f7919d",
    "data": [
      {
        "text": "best",
        "meta": "@sys.ignore",
        "userDefined": false
      },
      {
        "text": " ",
        "userDefined": false
      },
      {
        "text": "palaces",
        "alias": "spots",
        "meta": "@spots",
        "userDefined": false
      },
      {
        "text": " in ",
        "userDefined": false
      },
      {
        "text": "Jodhpur",
        "alias": "geo-city",
        "meta": "@sys.geo-city",
        "userDefined": false
      }
    ],
    "isTemplate": false,
    "count": 0,
    "updated": 1521521720
  },
  {
    "id": "5568fc92-be80-41d5-a170-785a46baef9f",
    "data": [
      {
        "text": "what are the ",
        "userDefined": false
      },
      {
        "text": "palaces",
        "alias": "spots",
        "meta": "@spots",
        "userDefined": false
      },
      {
        "text": " in ",
        "userDefined": false
      },
      {
        "text": "Jodhpur",
        "alias": "geo-city",
        "meta": "@sys.geo-city",
        "userDefined": false
      }
    ],
    "isTemplate": false,
    "count": 0,
    "updated": 1521521720
  }
]